"","PC1","PC2","PC3","PC4","PC5","PC6","PC7","PC8","PC9","PC10","PC11","PC12","PC13","PC14","PC15","PC16","PC17"
"T1_AnnularAvg",-0.0347584825443906,-0.13434448610851,-0.000110512025522648,0.0754426946899479,0.00539879406053235,-0.00230917105302769,0.0865107692703173,0.0600483731070454,0.0216286742156451,0.0224366569822178,-0.0126609867471458,-0.0494955414062527,-0.00882529698235135,-0.0481280187681723,0.0256692921017141,0.0156753103383545,-0.126621404522775
"T1_AnnularKurtosis",-0.0169935967701553,-0.0951757202001335,0.0125545740714085,0.0751454134300019,-0.00892618293743957,-0.0725239635896863,0.127975238677261,0.0769427969634932,-0.0313978120888318,-0.0489417931352592,0.016916464418767,-0.057122132806688,-0.0876331428819943,-0.0587874426214899,0.0386782181951012,-0.0738345297180061,0.013032928888337
"T1_AnnularMaxBin",0.00832522009779749,-0.103839513394531,-0.00799668628344349,0.0804747480085131,-0.013190977376658,-0.0102607172286073,0.00500923467685881,0.0639595788588865,-0.00299746404736188,0.0899172693773213,-0.0663559755163409,0.00930963686569945,0.110679199752753,0.0906382571867173,0.061861948873695,0.21473544131778,0.321961632028462
"T1_AnnularMaxVal",-0.0145832344597125,-0.0466733170306431,0.0453944335003796,0.11399386898179,0.0200692069430557,0.00632216741252648,0.110264884678245,0.02003150670799,0.0017579753943821,-0.150772939921781,-0.0505032762625818,0.0806893629547812,-0.100169104624049,0.0534794822138159,0.0907207433561467,0.00704139016268326,-0.0601730426584308
"T1_AnnularMinBin",-0.0412033783762253,-0.0176970711504189,-0.071268541948432,0.0504138160319789,0.121718899034376,-0.0988044255803718,-0.0858409621623399,-0.0170456916589554,-0.0286047107898464,0.00652924474947433,0.0663616872145879,-0.102771358025361,-0.0105545695747529,-0.0415937526126682,-0.0660235008204437,0.0439848505205605,-0.0684506520656915
"T1_AnnularMinVal",0.0476119474675145,0.0792604400192658,0.0162517533526351,-0.10675523678003,-0.058620452972111,0.0357042387329702,-0.0219927244482082,-0.00933131574831617,0.0195537685621782,0.0999646961744673,-0.0877596769864487,0.0799997810596895,0.0938300428774843,0.0171980610088149,0.082261651947109,0.0762718690776135,-0.108595669596486
"T1_AnnularSd",0.0328714122221397,0.0352242528220837,-0.0701633843940138,-0.036652325625031,0.0287256470241754,-0.00334873483102884,-0.159204084905699,-0.0623098849424987,-0.0711013270916124,0.0608503902101842,-0.0962910413642672,0.0414275161523602,0.105455743142109,0.0443845506483586,0.0351525088467037,0.111732698658076,0.0617178014454893
"T1_AnnularSkewnes",-0.0196062005211985,-0.092494835892219,-0.0096536689572679,0.110683006241447,0.0464843049501566,-0.0771865834240664,0.0554307226961516,0.0255588721438772,-0.11525461783787,-0.0253809115155026,-0.0108785197264797,-0.0276815680516254,-0.0604847433367733,-0.0788698174547646,0.0723503033394473,0.017057674129584,-0.0851383479369558
"T1_Entr.Dist.1.m.",0.000199712929057523,-0.0156624414827736,0.00831954472076264,0.0252270770137253,-0.207754063128831,0.00102490441583166,-0.0306486325724018,0.0028769435951555,0.0409517971392164,-0.0204406694069175,0.0588240458682068,0.0916278036874902,0.0369931479902737,0.0674115688931159,0.0182893297467704,0.0294781491007358,-0.0809634362701428
"T1_Linearity",0.00207832577159056,-0.115094018571832,0.0129847123382363,0.0609412890973127,0.0306493555764227,-0.0313824316674456,-0.00831036090391408,0.107769844157966,0.00802705566384201,-0.139742291199263,0.0120550597588627,0.108876369305124,-0.0508215088300876,0.000214244531112273,0.040358806614624,-0.0224025894666894,-0.0203157790982222
"T1_Max50.RngHiBin",-0.0332492589602268,0.0414156175939931,0.0714659625173416,0.00981383313849978,0.12232025330383,-0.141647577480991,-0.00669004991871052,-0.0221363596140417,0.0264915632210376,0.0022936229762376,0.0706788818661022,0.0554785960514358,-0.0195972305561498,-0.0203478776553203,0.092496625120602,0.0265806938389912,-0.0117764748367445
"T1_Max50.RngLoBin",-0.0353483400831829,0.00279576972982098,0.0745784031591294,-0.0292968366694677,0.155774899054981,-0.11654392917084,-0.0162899037578333,-0.00568911070635572,-0.018229315781085,-0.00159457447991504,0.0268184524572624,0.0291636293641869,-0.0269115536902812,-0.0200853567916609,0.083415044788676,0.0739776452164643,0.137065869634801
"T1_MaxPathAvoid",0.041358871915385,0.0439960377161505,-0.0760907910255997,-0.030830848536346,0.100759297993274,-0.0277224068936261,-0.053155528480487,0.0274223894580955,0.0965268882782876,0.137808152714099,-0.0206844300009557,-0.0524110607048997,-0.0400474066990441,-0.0330938366327262,-0.134576705614435,0.0878120661104322,-0.0326681986782667
"T1_MaxTimeAvoid",-0.0186877998967093,0.0559463339229789,-0.00434695521159114,-0.0440266168908435,0.142669559445535,0.0315596000152886,0.0313990405634148,0.0498264110996339,0.00527095605243642,0.15378807306226,-0.0803734054554154,-0.0190316515471414,-0.0721292635718637,-0.0169365309408456,-0.0259198059341805,-0.138352727837181,0.0839889098520783
"T1_Min50.RngHiBin",-0.0243539378311781,0.0234652739420507,0.0814233369177048,-0.0707888905810799,0.128505345392627,-0.101012368474377,-0.034181411382485,-0.00355531733724644,0.0148665759279941,0.0353887950308565,-0.0138638718688957,0.0388733124740032,-0.0825855997631808,-0.0800175725067008,0.102409531370844,0.0550109415282791,-0.0844038308961198
"T1_Min50.RngLoBin",-0.0280623327730537,0.0554522124450104,0.0748619982471173,-0.0257682783528025,0.103933507344925,-0.134208485302315,-0.0205703893944207,-0.0183439986013153,0.0424105519575059,0.0401505314030222,0.032365338199105,0.0711617724822193,-0.0517068059573203,-0.0741047053379558,0.102688341963476,0.0198704487301712,-0.0137712728518807
"T1_NumEntrances",-0.00478744393302392,-0.0140243317032015,-0.0084313686468455,0.0482704545299416,-0.197389450286771,-0.0218748936747113,-0.0214796465202744,0.0114402582137683,0.0250434281215912,-0.049125193963299,0.0710216145615212,0.0869515278606438,0.0507987603070152,0.0873567231566192,0.00424352128529058,0.0387742826585401,0.00614870922778307
"T1_NumShock",-0.0102998251246576,-0.0238420482289941,-0.0182413503014782,0.0586858392295056,-0.178677429872055,0.0150580815144936,-0.0803795104300183,0.0169458147780172,0.0289429165984771,0.0247707796628295,0.0356008144026838,0.0843734603327671,0.084457818763544,0.101568414321468,0.0524901036332073,0.0161260345570819,0.00274194523496649
"T1_Path1stEntr",-0.0609083262197733,-0.0680909788347156,-0.0507489369155134,0.0162434214657765,0.0787875627087752,-0.0297268799057427,-0.042825029903593,-0.0757094622196129,-0.0187636415941519,0.0836819943111484,-0.0403118697294528,-0.122643277791097,-0.0382879618701039,0.148930075975259,-0.072142761516372,-0.0609144980277856,0.0218746248801346
"T1_Path1stShock",-0.0609083262197733,-0.0680909788347156,-0.0507489369155134,0.0162434214657765,0.0787875627087752,-0.0297268799057427,-0.042825029903593,-0.0757094622196129,-0.0187636415941519,0.0836819943111484,-0.0403118697294528,-0.122643277791097,-0.0382879618701039,0.148930075975259,-0.072142761516372,-0.0609144980277856,0.0218746248801346
"T1_Path2ndEntr",-0.0148929857778271,0.0420139485483128,-0.0309877326699153,0.074793059473836,0.0576319826060901,-0.121698776825458,-0.000307110780669729,0.101855854990482,-0.0314655074609571,-0.031428153168832,0.0457118843350252,0.0647483813595449,0.173138713604158,0.0548724885294861,-0.108525942718429,0.0511486118307142,-0.023360946225627
"T1_PolarAvgVal",-0.00845277604346205,0.0332861463898461,0.0760272372787805,-0.0408870610958036,0.156681255678652,-0.101786583545756,-0.00498282376725299,-0.0387285036406227,0.0208712569967575,-0.0364642967889679,-0.0264483439894013,0.0516593198196835,-0.0296764160278523,-0.0616460078611234,0.0970827010361219,-0.0221626130489925,0.0913068177349756
"T1_PolarMaxBin",-0.0232767123631551,-0.00365385235047693,0.0677991392869234,-0.0761292028806311,0.133080852117674,-0.116797297440442,-0.0653827653326356,-0.000561532770387571,0.027149424078226,-0.0268046918751202,-0.040593708019499,0.0426462902862361,-0.0319962695709259,-0.0520472210635569,-0.00762851268284495,0.0945679286006992,0.0107583378529938
"T1_PolarMaxVal",-0.00811721668215921,-0.0834125875131211,-0.0425569712778261,-0.0629125798649235,0.0280987598796104,0.0910905920926187,0.00358176162457622,0.0575454284920374,-0.109176260472248,-0.0392736189828224,-0.125642940509047,-0.124298633582678,0.0339752436015759,0.0432646676825386,0.0441260211213653,0.0836509131814223,0.0828803251741286
"T1_PolarMinBin",0.0158072867657408,-0.0328495645763528,-0.108731951244445,-0.0945756452739559,-0.0768780069526335,0.0365645861884499,-0.0620509440190255,0.0988919211265177,-0.0352280271546241,-0.0544653058868007,-0.0653416647114818,0.0656223064454282,-0.0041266117455046,-0.0487776571719819,0.0557111246755351,-0.00397023879684902,0.0309615459544178
"T1_PolarMinVal",-0.0101208264545686,0.0418572877787204,-0.0420595117918647,0.085401388337341,-0.0837304918939295,-0.0120457914455572,-0.0581134245468516,-0.0201620119073371,-0.00610987983558244,-0.0970777586615842,0.203805398185213,0.0630526886467192,-0.0860281962751782,0.0582043720576929,-0.00350289253305077,0.0115515454453804,-0.00128343235981654
"T1_PolarSdVal",-0.0191884498768951,0.098816938531941,-0.00944914004256882,0.076907234430885,0.00141062517414818,-0.120283372922343,-0.00454417393652395,-0.0910606429607694,0.0336537364417118,0.0318679782937398,0.113060200028096,0.0387925444839361,0.000130640117225704,0.0472959113214937,-0.0524751845406514,0.0456329161957099,0.0443748475047835
"T1_pTimeCCW",0.0131948442430377,-0.039743466264226,-0.0678270459435445,0.00467062737664888,-0.13436526564545,0.13108847518999,0.0222507259472966,0.0553826578003278,-0.0293192020829974,0.0397230461437498,-0.0092714877871099,-0.123498594650906,0.00942644129756627,-0.00504165623772685,-0.0430089949680877,-0.0120153902112066,0.0439401042538918
"T1_pTimeCW",-0.0157147810933021,0.0876887799871842,0.0236597263612112,0.00732274089874905,0.0767390001483039,-0.16651889189936,-0.0525553287698458,-0.0552467802262448,0.0309746743757687,0.026398432092557,0.0436570015870646,0.021363296490944,-0.0292838758109175,0.029867272356136,0.00244241036694748,0.0423978073147042,-0.027320522800352
"T1_pTimeOPP",-0.00604280694911207,0.000641497231698423,0.080057403147678,-0.0217890394164845,0.157763925441932,-0.0761811520069001,0.0206749022470335,-0.044805807254459,0.0153971389314292,-0.0834633045989708,-0.0167469415569366,0.139478514362179,-0.00839880581797137,-0.0315685911606648,0.0438333031988475,-0.0141818433041964,0.000983210482164582
"T1_pTimeTarget",-0.0101433160974558,-0.0213285646896402,-0.0198710941368065,0.0648508666991531,-0.15132622899141,0.036997856568474,-0.102085455279996,0.0327630379080136,0.0266387530670124,0.0748606482730184,0.00646900789455155,0.0874199007577319,0.0888964351898988,0.114787448469197,0.0785092318972535,0.0183860358138328,0.00719463744313201
"T1_RayleigAngle",-0.00927398785157453,0.048810492858348,0.0611284710039501,-0.0194614009558368,0.139504201060037,-0.145748937312675,-0.0103041000291383,-0.0540295151191965,0.0222512138232784,-0.0122381789746512,0.00886097234081547,0.0599061224728857,-0.0202527916822225,-0.0104254369379522,0.04113992175097,0.0069862087538183,0.0708660559045079
"T1_RayleigLength",0.016278851545323,-0.107131378934154,-0.00505778724736441,-0.0857666708934234,0.0129497297269471,0.106258709669697,-0.00978588356886661,0.0779495630078632,-0.0411062849010729,-0.00915589710408763,-0.119811027649474,-0.0552612687116772,-0.00563463611798635,0.00974798857395958,-0.00768989997114859,-0.0210576561809354,-0.018847682713862
"T1_SdSpeed",-0.00470185257838425,-0.0368100303252621,-0.0680306207097995,0.107242236749967,0.053235619480839,-0.0704454646188351,0.00808681942670386,0.035181014924895,-0.0559083237110486,-0.191372671214002,0.048177732675401,0.0373875898269067,0.00829297554895645,0.0735683577387884,-0.0113421821286118,0.0319018021835034,0.0551226766776142
"T1_Speed.cm.s",-0.00968972385988034,-0.00272334745158818,-0.09246044732244,0.113244049389974,0.0870088203313896,-0.0591550059203455,0.00745722167586713,0.0251951006916592,-0.0580113761217507,-0.114104246462016,0.00677658882105434,-0.0329822662840004,0.0875564018391986,0.0536805445899441,-0.10032467276427,0.0403988618714666,0.10474056506366
"T1_Speed1stEntr.cm.s.",-0.065992961482776,0.0104855926578829,-0.0150593534357143,0.0273452491781334,-0.0311957746266957,0.0981736115921109,0.0709651800158921,-0.153669669986491,0.0242670526927485,-0.0301409868224343,-0.0444899485064177,-0.0429596735039918,-0.0855739785457046,0.00549164610185112,-0.166315121446349,-0.00244876346932753,0.00814133852178352
"T1_Speed2ndEntr",-0.0227867817408705,0.0417698649632874,-0.0772344375050929,-0.0786676971021281,0.0537013877538916,0.0259588324418314,0.0495501273868074,0.00652350204501348,0.0134617473976328,-0.0243916925085733,0.12052287795012,-0.050353466892248,0.201062684818237,0.105463669781313,-0.0889275829630317,0.0058093677925683,0.0123039496597352
"T1_Time1stEntr",-0.0572834652183188,-0.095031921179762,-0.00662792768479459,0.00951250219614326,0.0255333332189777,-0.0674368568401667,-0.0410113789401023,-0.0449610482215698,0.0161994633444407,0.0894737482559726,-0.0797297145680087,-0.124519805706737,-0.0763642984628336,0.127299675456544,0.0614575291421942,-0.02478007905814,-0.0284145578771219
"T1_Time1stShock",-0.0572834652183188,-0.095031921179762,-0.00662792768479459,0.00951250219614326,0.0255333332189777,-0.0674368568401667,-0.0410113789401023,-0.0449610482215698,0.0161994633444407,0.0894737482559726,-0.0797297145680087,-0.124519805706737,-0.0763642984628336,0.127299675456544,0.0614575291421942,-0.02478007905814,-0.0284145578771219
"T1_Time2ndEntr",-0.0104980048892426,0.0610189501451328,-0.00830801790588374,0.0544148662725033,0.017083198302605,-0.128982310258134,-0.0205930833641425,0.121905450451564,-0.0104252871593412,-0.0304898145596465,0.056466917706661,0.136146709317845,0.132047751006813,0.0458225540970392,-0.0380994052480697,0.09271097581247,-0.0310086460993601
"T1_TimeTarget",-0.00849168037466189,-0.0199832378547839,-0.0181265719386319,0.0684635248101696,-0.152210963910422,0.0398460279737363,-0.10212598708459,0.0295544720591533,0.0307314433149737,0.073521313993402,0.0088174806809888,0.0832108618925914,0.0846578564583609,0.114945621234934,0.0737525907912857,0.020913184737551,0.0109821874098411
"T1_TotalPath.m.",-0.00974467543708668,-0.00360798934709472,-0.092310234581618,0.113305150971865,0.0874624282035265,-0.0597720161664994,0.00783307553922706,0.024579831355095,-0.0575561623578537,-0.113573240852023,0.00824128268895443,-0.0326396812153946,0.0884293034868699,0.0545852046986685,-0.0979155441283613,0.0398970986564438,-0.080072450425065
"T2_AnnularAvg",-0.0412342254346569,-0.0187318636463327,-0.0595516233394065,-0.0474181157982264,0.0857709543449667,0.0559004104157294,-0.114967679737923,0.10096705540703,0.00121349156822369,0.0237794693117907,-0.0659738996455135,-0.0502514838854539,0.144406914065386,-0.0947055248199616,-0.00939127839095978,0.0349122070908792,-0.236085845619097
"T2_AnnularKurtosis",-0.0148398173799254,-0.0485468571632378,-0.00994779151297465,-0.0431324740898033,0.0212852870738098,0.00401911393657438,-0.149215981997829,-0.0125905654902029,-0.082353816747999,-0.118227052561797,0.016860551403182,-0.0549903057334698,0.113293789782694,-0.160625519763299,0.131335489227322,-0.0802941358231178,0.0175782611805958
"T2_AnnularMaxBin",-0.0323165344169962,-0.0268976490643753,-0.0833182201491526,-0.0595503942752502,0.0693162521873579,0.0380150973027493,-0.0494846146969234,0.0623270871311956,0.0432680733006173,0.110898591140897,-0.116174954491004,0.0186856912275324,0.14221739663326,-0.0411746645151967,0.093262706170437,0.0831527240869298,-0.205308833990777
"T2_AnnularMaxVal",-0.0377151558540843,0.0234973711531154,0.0471023061183947,0.0183470802889252,0.158359653776187,0.0217388346537191,-0.116316829574604,0.0230315930271641,-0.0770959528966317,-0.0576077005435847,-0.00362321561732225,-0.067019313677876,0.0352731422243414,-0.0497883324455237,-0.0530990326259288,-0.0293007070371933,-0.0568855362928436
"T2_AnnularMinBin",0.0265429265341764,0.00782432880731754,0.0675862123036457,-0.0724892318892562,-0.0420844742170875,0.0864535527176629,-0.0612949757571593,-0.11231436761545,0.100588625591883,-0.153154926262675,0.0161768968872294,-0.0385767222363139,0.0110815997339459,-0.0119447895010071,0.0442177664312037,0.079514888729777,-0.023358956252203
"T2_AnnularMinVal",-0.00371953228292637,-0.0669249861351279,0.015867508547995,-0.0294525119717818,-0.103430044912419,-0.160647118143074,-0.0461510441781125,0.0106082455265983,0.0438618864530838,0.0328230450112107,-0.0195176863669279,-0.000852791563764563,-0.0906962239461328,-0.031291623310404,0.023037498339656,-0.120684549332897,-0.0131458411143273
"T2_AnnularSd",0.0607743767089232,-0.0360413069961789,0.0726519555547985,-0.00549657536861936,-0.109660994679858,-0.0672293782002571,-0.00296143109957597,0.0146689747423116,0.0166389428314896,0.11478365529167,-0.0173647068663873,-0.0084054153055223,-0.147338524952238,-0.0475880356546519,0.0596519433290988,0.0559278252014144,0.033912061602085
"T2_AnnularSkewnes",-0.0130932439211453,-0.0642827783308781,0.0250264348583334,-0.0526720434943398,-0.00192802536150975,-0.00935079545241526,-0.151506165332106,0.0197191796934854,-0.119124349316623,-0.0884785297313532,0.0328682806194241,-0.0506062332129246,0.0282813811274694,-0.153770592088836,0.11792857763263,-0.0553547327805234,0.00724619091893999
"T2_Entr.Dist.1.m.",0.0819204804616562,0.0841631472874998,0.0122273291209311,0.0223441513992798,-0.0567370076383707,-0.0862346321323731,0.063772918935512,-0.0595368445770684,0.00727562907088795,0.0345952761560242,-0.0657391591589078,0.00720023358330228,0.0758776456056263,-0.0443311559436277,0.0338545038472655,-0.011397766435479,0.00356254545930968
"T2_Linearity",0.0547796631662019,0.00750098586098415,-0.0404207257195732,0.0550768133438236,0.0409046987309719,-0.139633607538842,-0.101683457674919,0.0381449859606905,0.0363484776331567,-0.0397139418010315,-0.0751700168522504,0.0927588785153646,-0.0262805128013567,-0.103343916137047,0.0484797088349595,-0.0208825296488339,0.0889685779083973
"T2_Max50.RngHiBin",-0.0376659671115681,-0.0110094326154697,0.0503693044210255,-0.179749360220607,-0.00932080742928242,-0.0106468673418589,0.009900621287599,0.0253012406778698,0.0966006336569042,-0.0428857264049017,0.00269991429350452,0.0506245198349005,-0.0331672505267416,-0.000324519894491229,-0.0372045162480958,0.0165378895674829,-0.00203629543514341
"T2_Max50.RngLoBin",-0.0590511900925647,-0.0441145697137029,0.016040039487084,-0.166055824044224,0.0132947798932984,0.0242870685712507,-0.0266177548212175,0.0185314838476905,0.0594025503114397,-0.0528067516830311,0.0231861254545176,0.0436046055663347,-0.0482236464249586,0.0141239240033515,-0.0760039402745273,-0.0107321765390278,-0.0121731439301954
"T2_MaxPathAvoid",-0.0218820163767947,-0.0405831745849146,0.0274539682943332,0.0481734310557523,-0.0322306020947659,0.0832092029742255,-9.57937006404118e-06,0.140683159352983,0.0663441855272867,0.0220275492176327,-0.0186254202808087,0.107466738476126,-0.098605457579752,-0.22721328161002,0.0537887720653065,-0.0263572777921574,0.0248976513212626
"T2_MaxTimeAvoid",-0.0863171729187363,-0.0743121638451375,0.016893924327031,-0.0738444951785716,0.0294129565647495,0.0374767700663825,-0.0238877839273153,-0.0363125092744199,-0.0853313116326366,-0.0644442270231019,0.0255322402799264,0.0524910458360617,0.0251378784841158,0.115989278359192,0.068596757924829,-0.0194115664894285,-0.0247225406273165
"T2_Min50.RngHiBin",-0.0508994714198909,-0.0475969958686672,0.00843909632632912,-0.173639482018192,0.0113307034670484,0.0131717549047732,-0.0321120890120241,0.0329067665490406,0.0584746675947716,-0.0570140567840159,0.0139198033260632,0.0168984382251873,-0.0350900823707269,0.0455458208419972,-0.0455607667030945,-0.0364698238458202,0.00196240959202234
"T2_Min50.RngLoBin",-0.0294910366440815,-0.0138729351116047,0.043206922451553,-0.185798211253337,-0.0113448790251988,-0.0214234295898162,0.00502948601595156,0.0387576678948866,0.0954424138916025,-0.0464535350485885,-0.00627430831871214,0.02515177833324,-0.0203897486824831,0.0291701818978134,-0.00782155852594125,-0.00757319183341619,0.0212932969562191
"T2_NumEntrances",0.0820839080378482,0.083412637902116,0.00883953003520017,0.0292938117399394,-0.0502738378600042,-0.0849113579313674,0.0672113459339585,-0.058491662954281,0.007377207607965,0.0448552182082813,-0.0729695631120142,0.00840463969001604,0.0694216885617844,-0.042435877696419,0.0313448284478224,-0.0180503795967688,-0.00404998888575198
"T2_NumShock",0.0830479917014506,0.0873506737255551,0.00180222209249672,0.0253404954831054,-0.0525496230291471,-0.0755776881784404,0.0684276251238354,-0.0667330049679709,0.011399001684579,0.0376213145795322,-0.0689711399982782,-0.00910039686318368,0.0628703436027828,-0.0306735210423782,0.0353718341718302,-0.0183308062813106,0.00161872122981478
"T2_Path1stEntr",-0.038501356926176,-0.0302507322481897,-0.00582816406826958,0.0375846212336534,0.0989097186848813,0.0945531103990557,0.135777554612947,0.0647962680697184,0.00432584619443454,0.0898129438390957,-0.0295908423521992,0.0850461894361996,-0.0746583488050596,0.035559095459979,-0.00804475493115333,-0.0970177311351216,0.00742097452153285
"T2_Path1stShock",-0.038501356926176,-0.0302507322481897,-0.00582816406826958,0.0375846212336534,0.0989097186848813,0.0945531103990557,0.135777554612947,0.0647962680697184,0.00432584619443454,0.0898129438390957,-0.0295908423521992,0.0850461894361996,-0.0746583488050596,0.035559095459979,-0.00804475493115333,-0.0970177311351216,0.00742097452153285
"T2_Path2ndEntr",-0.0610386980887194,-0.0478819747820065,0.00380383481189428,0.0811511291055592,0.0804034147660512,0.117007940560066,0.0294387719662061,0.0430515185480477,0.0428598734608397,0.105991197018068,-0.0528372059981759,0.0459898914446751,7.99890334234911e-05,-0.0693804206361475,0.0391562210294703,0.0392528826590978,0.00271045390268699
"T2_PolarAvgVal",-0.0508568032194432,-0.0571608894055602,0.0474479327646781,-0.163596801631677,0.0195412248410848,-0.00620117690033486,0.0521434677192357,-0.0134940052706879,0.0193343383674661,0.0250462516117846,0.0736538892244339,0.0278694382340371,0.0155048695091922,-0.00786309009109111,0.00573480424080965,0.0144830397771901,0.113683762737882
"T2_PolarMaxBin",-0.0431083197341581,-0.0471498099376533,0.0279709480345601,-0.176846302480411,0.026530086967708,-0.0366836248294352,0.0375231659471618,0.0487059814298466,0.0202089692233272,-0.0483363155643687,0.008800046596483,0.0446050845023056,0.0114194924870966,0.0268872941215089,-0.015390015670854,-0.0103442398962501,-0.0730643570492179
"T2_PolarMaxVal",-0.0410692609905789,-0.0604531328370402,-0.0805046592273866,0.0467993698679244,0.0575461843487651,0.0784170516234148,-0.0708165602232148,-0.0752059059480932,-0.105643665443049,-0.00351759592543313,-0.0589090761774419,0.00769894999070617,-0.0187502189685801,0.014493576481627,-0.119831100110753,-0.114963837316516,0.00290652202013013
"T2_PolarMinBin",0.0301999931700602,0.012599522115952,0.00529416475426373,-0.119768070264655,-0.043579886786093,-0.110239461512412,0.0415137685169389,-0.0867369465746847,0.0343433264863751,0.0102125327034118,-0.128559376217517,0.00864324206053491,0.0659124220555883,0.0702049161895465,-0.0675395623731424,-0.1155387488478,-0.00510716711061787
"T2_PolarMinVal",0.072896484757293,0.0550478583149441,0.00205157555378827,0.0420516755961291,-0.0214161007670785,-0.0960944399623346,0.0754475566886521,-0.126930017946736,-0.0216729345700305,0.0827447618246158,-0.067582695372251,0.0191666788121595,0.0385662422207739,0.0109027627285059,0.0492827633413604,-0.0568009115273899,-0.0169474390235662
"T2_PolarSdVal",0.0530982261294378,0.0720365940980497,0.0682901785217313,-0.063207258128079,-0.0856480306838204,-0.067059329512578,0.0849892595781263,0.0132570765805605,0.0865330193822584,0.0626494891606628,-0.0409300282555813,0.000740295360542664,0.0239815141858707,0.0221982448537919,0.0442003339356282,-0.0204607905627793,0.0256585614779363
"T2_pTimeCCW",0.0352736137266275,0.0519888126236597,-0.0787532129488619,0.132705799013471,-0.00412046919683721,0.0141262368780402,-0.086944598948186,0.00766239139033996,-0.0151178846682236,-0.0901227090825482,-0.0807057132714563,-0.0712625472594095,0.0318929464319672,0.00164623072146509,0.00713109405475153,0.0443858555709217,0.00735187002540025
"T2_pTimeCW",0.0110290318462061,0.0477800279506991,0.0565263430274232,-0.138219632137286,-0.0571306732137524,-0.0435614755691087,0.0497088782362241,0.0503018164670549,0.086067252590217,0.0599123862180165,-0.0617198465705372,-0.0496779601640155,0.0682390470991513,-0.0905769872749511,0.0121600681088942,-0.0823536467923345,0.00428460116712439
"T2_pTimeOPP",-0.0489817274840615,-0.0839630692547516,0.0598072765604436,-0.0824470185507376,0.0350067681037007,0.00926057864031994,0.0672230054313347,-0.0253425331470839,-0.0249304765522582,0.0686694533889635,0.121601548108813,0.102751189435608,-0.0698430291552084,0.0396733255746014,-0.015289851348711,-0.00815219832010346,0.0343342234804499
"T2_pTimeTarget",0.0821813177230412,0.0773855986226665,-0.00272486661806806,0.0299686848838662,-0.0600369025022403,-0.0679156861015348,0.0694924203374308,-0.0985767889466594,0.0219037479709442,0.0278097191861525,-0.0740147606030505,-0.0288779146831031,0.0513801784619587,0.01056471927357,0.0283516084774474,-0.0301931899375831,0.0018891650955734
"T2_RayleigAngle",-0.0387797481925428,-0.0435993993868447,0.0571445030734544,-0.176685587935373,-0.000771199062162916,-0.0127587104172998,0.043914898836934,0.0245924900433,0.0516843957012171,0.0306441237275533,0.0370235219459639,0.0203399463056065,0.0093198902003314,-0.0219701432110154,-0.0124678847184668,-0.024400673110859,0.082154590649105
"T2_RayleigLength",-0.0541634215255516,-0.0775332708594756,-0.0629439487554946,0.0620839019322705,0.0761701875382305,0.0813515891046481,-0.0813461954719258,-0.00777965202347279,-0.0859810285549254,-0.0469543222683815,0.0485740588432159,-0.000542268917125209,-0.0416924661356473,-0.0019626360832941,-0.038389500675975,-0.00244685688519405,0.0840469978760217
"T2_SdSpeed",0.08610235713122,0.0921897634170059,-0.0283589480701084,0.0500708691299184,-0.0123434499880695,-0.0716237499966196,0.0234476626841327,-0.00208653800048397,0.0177694252580595,-0.0244147142668809,-0.121624458575062,0.021321013251017,-0.0296605662297583,-0.000514334025430392,-0.00986962743014889,-0.00652076450587609,0.083872599751395
"T2_Speed.cm.s",0.0830626720928572,0.0863931292001583,-0.0232831073993518,0.0518013145572617,-0.0216646854353111,-0.0584457478013024,0.0290114552385795,0.0201253568809824,0.0661127320206937,0.0212746127056711,-0.121638763156317,-0.0434830582808359,-0.050602818233355,-0.00519702712280256,-0.0274727837774461,-0.0648911532473912,-0.0701081595344682
"T2_Speed1stEntr.cm.s.",-0.0103293535323822,0.0539585775581583,-0.0346343609971903,-0.161841814794643,0.0395239549277059,0.048688677226632,0.019384064114622,-0.024545393160598,0.0854851577439417,-0.00294802673584561,-0.0209708300596382,0.0716237550451206,0.0984790325707352,0.0389219663403946,0.000992277222741793,-0.0858023179492909,0.0244715542638646
"T2_Speed2ndEntr",0.051546848028335,0.0413096530864878,0.0107906848102694,0.0419015230672282,-0.0657220698231943,0.0136492752917466,-0.0602383961721932,-0.0447874048606336,0.0941443309391396,-0.144430433982689,0.0670522282290103,-0.152969825394928,-0.114513070450999,0.0743826197658762,0.0304894738479213,-0.0193698122703918,-0.00484189781547699
"T2_Time1stEntr",-0.0385517499333253,-0.0300830082023681,0.00173635295830206,0.0389543982707024,0.099091968253508,0.0929519850408813,0.135263979949389,0.0641715766696479,-0.00783973548260442,0.0919716523193844,-0.0333709288593887,0.0837863052047483,-0.0788969505978539,0.0321868249241731,-0.00288213395737088,-0.0948608814537574,0.00807979479924725
"T2_Time1stShock",-0.0385517499333253,-0.0300830082023681,0.00173635295830206,0.0389543982707024,0.099091968253508,0.0929519850408813,0.135263979949389,0.0641715766696479,-0.00783973548260442,0.0919716523193844,-0.0333709288593887,0.0837863052047483,-0.0788969505978539,0.0321868249241731,-0.00288213395737088,-0.0948608814537574,0.00807979479924725
"T2_Time2ndEntr",-0.0607390739792028,-0.0481900459408496,0.0130702750122753,0.0801718424933421,0.0811581904652475,0.111910009570578,0.0292938418847442,0.0451879342262228,0.0390892910435028,0.111652759013646,-0.047849051510667,0.0520695851162515,0.00574120482335725,-0.0755375750524414,0.0399676403661277,0.0466166659640393,0.00963007532989812
"T2_TimeTarget",0.0816524791614264,0.0766384972765618,0.00040607674279871,0.0292047983273088,-0.0596719712990522,-0.0750346357069444,0.0684617674250309,-0.0979520819960551,0.021944657121002,0.0322381211224044,-0.0732130572666819,-0.0234143096933865,0.0472451612554461,0.0154548656232438,0.0267854750936275,-0.029739740259684,0.000892662119421033
"T2_TotalPath.m.",0.08374832479983,0.0858344825748068,-0.023227507061178,0.0503025908359096,-0.0210599409614596,-0.0593419572903125,0.0280868506469909,0.0206851311744121,0.0674639883202208,0.0196270329881689,-0.120476410351251,-0.0418052647508268,-0.0528941532804229,-0.00498676597849336,-0.0267127992911768,-0.0662083227369268,0.23652032928917
"T3_AnnularAvg",-0.0194288956747663,0.019349021081509,-0.0148131541038143,-0.0393964561717777,0.0511396471508416,0.151480489219739,-0.0635378238477511,0.102801213185592,0.147152537984263,-0.0644587249535687,0.0321866332149869,-0.0148065436912277,0.0583602371107794,-0.051795515299591,-0.0141027887854973,0.0369331014062362,0.425141809435638
"T3_AnnularKurtosis",-0.00698295544485017,-0.061283120738795,-0.019002307845507,-0.0365997349242499,-0.111586749219045,-0.0571197585488072,0.0156581640090469,0.0432691629557782,-0.122978795696254,-0.0614755818390607,0.02022398553749,-0.124650629953862,0.040093785493328,-0.198220028692318,-0.030904554086098,-0.0122027290703391,0.0279112801973576
"T3_AnnularMaxBin",0.00577495413416567,0.0484621788492786,-0.048080825513141,0.0390417930740442,0.00650734609777268,0.0831765807913423,-0.0825683562542294,0.113024861701827,0.165858065891765,0.0433110409573847,0.0144263523851427,-0.105081591185567,0.0454724269927278,-0.101983126811303,0.0626183004582226,0.0102643265846216,-0.157243123848397
"T3_AnnularMaxVal",-0.0205771516191856,-0.0593969403219838,-0.0286081054181534,-0.0705787712252861,-0.0050024916371592,0.056500359647848,0.0394575650931539,-0.149272332616102,0.0624839032450118,-0.130151856872117,0.0276723167856986,-0.0764901623223105,0.0616794164433158,-0.116287152927735,-0.108096775196725,0.01485340807718,0.0319081925086573
"T3_AnnularMinBin",0.00512902901558888,0.0254427350600057,0.028619927366753,-0.108413247239273,-0.00347763389375955,0.150167901029329,-0.0195435422336552,0.0170297079447197,-0.0779224440769587,0.0808515452838013,0.0743505609837888,-0.0320471267597278,0.0228158563134658,0.0173631741028951,0.0555231388140979,-0.175827702586421,0.0153573729016409
"T3_AnnularMinVal",0.0160534711497373,0.0502299820710499,-0.0709418379026531,0.0813261517762186,-0.0598454648848464,-0.112264423419827,0.0209157798694788,-0.0387913764030749,-0.0743767190220798,0.0933546246761634,-0.0289282164878159,-0.0546914713770525,0.0230459448062043,-0.146546830172617,0.0953735174467482,0.0211906934234687,0.0168136795451944
"T3_AnnularSd",0.0249219477097522,0.0357094771986261,-0.0813243421319856,0.0789249295378163,0.00445633570412003,-0.0727440222085483,-0.0368237266038787,0.0699356319364189,-0.0942862346489816,0.132182942670704,-0.0718781273024451,-0.115368988455032,-0.0629396232967447,-0.071113237177643,0.0359293436999567,0.0174577255135296,0.0256352189402652
"T3_AnnularSkewnes",0.00115322570490332,-0.0503479843508762,-0.0475421792440706,0.0332401908525929,-0.072414941720177,-0.0820335672898132,-0.00821569390926447,0.0758647261949456,-0.158024156194906,-0.0206366629139073,-0.00366360576556611,-0.130250325361464,-0.0170068514298781,-0.183298648712234,-0.00726758231621786,0.00576040304405446,0.0414570228927912
"T3_Entr.Dist.1.m.",0.116864999487211,0.0516446662058289,0.0380150112885428,-0.032296518926903,-0.0257359895459553,0.0106901284605382,0.0183289348291256,0.0228062277823226,-0.0659519128212086,0.0620408918390968,0.037184602955831,-0.0150903552784801,-0.0211352466511564,-0.0135482175059842,0.0217799140917676,0.0427558774686504,-0.00742594674936337
"T3_Linearity",0.0845557220156451,0.0836926523647853,-0.0325297661019682,0.0516490364329039,0.0656456180952037,-0.0021903065582268,-0.0164190336741221,0.0675329374423519,-0.0519005706205686,0.0141612203720218,-0.0435857666723217,0.0872323586398612,-0.0219239924129143,-0.0699462689144563,0.0775605171025834,-0.0427322437027332,-0.0777746919013953
"T3_Max50.RngHiBin",-0.0646541281532403,-0.104703497726903,0.0163254387645629,-0.041860643895002,-0.0152107483308347,-0.0645115869066772,0.120217501019294,-0.0158613878051939,0.0600597897792726,-0.00388850860218015,0.0471009522200393,-0.045372532023145,0.0127843739167856,0.00533597534792537,0.00252127847907502,0.0351323636157354,0.000148481244373013
"T3_Max50.RngLoBin",-0.0946668107418041,-0.0893502446652304,-0.000862376228046744,-0.0246019281155681,-0.0266426192551823,-0.0515972688832738,0.0695866833148549,-0.0151002972249025,0.0675369228178115,-0.0523605391468878,0.0200706911634996,-0.0544210535793679,-0.0400819057424399,-5.65517617847714e-05,0.0412536575998317,0.00129827461761107,0.00884180654575749
"T3_MaxPathAvoid",-0.0248775741840704,-0.0196040020582748,-0.055170216130394,0.0205770903941212,-0.0390731009490987,-0.118613448184414,-0.0889764838210045,0.0350647301968242,0.115720480481204,0.0561893387846849,0.162376318578072,-0.0380047668132927,-0.0646769200420777,-0.0605393917801849,-0.0227967187806415,-0.069808699217777,0.0270278547077772
"T3_MaxTimeAvoid",-0.0962822840455667,-0.0441567837948396,-0.0209757629769241,0.0136864340332042,0.0123061420579566,0.0689343945210931,0.0174520161352072,-0.0409325637113158,0.0841110908490344,-0.0527448277880967,0.0369479315448389,0.131747159018144,-0.0284611350550606,-0.107688929467346,0.0602650848324273,-0.0653263196606071,0.0500975131928431
"T3_Min50.RngHiBin",-0.0938780956350106,-0.09053882888493,0.00587162746126728,-0.027864762666005,-0.0477957001762675,-0.0376198566825027,0.0585448341483356,0.00659712692185397,0.0420483346580316,-0.0711014722362151,-0.0263034965354682,-0.0534206550167349,-0.0547797751089156,0.00105365896645208,0.0520345119774975,0.0157577410135845,-0.0235259238434851
"T3_Min50.RngLoBin",-0.0658528916709518,-0.109640070695624,0.0246731583947444,-0.047071807427594,-0.0400577464026248,-0.0506204497926557,0.111677131014356,0.00859075039693154,0.0327116662432863,-0.025485728260533,-0.00465414036286677,-0.0457282771161151,-0.00358362244303234,0.00680761411616778,0.0149284737772762,0.0530520163866281,0.0483270385794699
"T3_NumEntrances",0.116412418406124,0.049823546310092,0.0358336525953193,-0.0366883667751807,-0.0230493048163647,0.00428605673905208,0.0172060536325394,0.0286748858673055,-0.0736313362537956,0.0652971642466336,0.0315312830207347,-0.0122193999164107,-0.0164574922115601,-0.0173644931978151,0.0220414060124086,0.0447337200552846,0.00191026993250821
"T3_NumShock",0.11384676812948,0.0466981991288905,0.0391917235058142,-0.048804075621935,-0.0183150799436854,0.00288229973091049,0.00660147418636331,0.0457217987542903,-0.0764011455171464,0.0670912691349435,0.0311164441905007,0.000884317534933717,-0.0158899986757957,-0.0204336274714363,0.0167757777694388,0.0443883971114191,-0.00881911013936195
"T3_Path1stEntr",-0.0650298722389612,-0.0614547626076514,-0.0765235890268822,0.0315652339628161,-0.0201496628701955,-0.104792448082333,-0.0590010571767659,0.00482328327303627,0.0337761846898037,0.0731591439295627,0.114744093344544,-0.0283164542883453,0.0102673968411899,-0.084486470030293,-0.0363102328447324,-0.0314301554255477,0.026171491795576
"T3_Path1stShock",-0.0650298722389612,-0.0614547626076514,-0.0765235890268822,0.0315652339628161,-0.0201496628701955,-0.104792448082333,-0.0590010571767659,0.00482328327303627,0.0337761846898037,0.0731591439295627,0.114744093344544,-0.0283164542883453,0.0102673968411899,-0.084486470030293,-0.0363102328447324,-0.0314301554255477,0.026171491795576
"T3_Path2ndEntr",-0.0765463264222476,-0.0878093640702042,-0.0537310713155423,0.0793872250741125,0.0413769645467555,-0.0579752687626461,-0.0180259833077967,0.0615704686417105,-0.0377441655029933,0.0125559522516665,-0.0179894148493333,-0.0171771067122966,0.00353225953015793,-0.00985266530097177,-0.0227589042502288,-0.116299148602159,-0.00726862926989479
"T3_PolarAvgVal",-0.0891592040047581,-0.0842652178566506,0.0127222423775024,-0.0110379425107928,-0.0220507549454416,-0.0725899590745959,0.103442118339577,-0.0335119258365253,0.0380325747404693,-0.0319797476298011,-0.0149216096048504,-0.051751544272724,0.0165378493639105,0.00954988755027187,0.0656315071686015,0.0306585750329053,-0.0720106781472017
"T3_PolarMaxBin",-0.0694415885175419,-0.103264857361621,0.0219018320135574,-0.0619466058032587,-0.0322746161918131,-0.0172308019572094,0.089736343022164,0.030611221986071,0.0747309551642126,-0.0383565652573125,0.004779818964977,-0.0817378798637354,-0.0495134694503148,-0.00408101706600673,0.019531484915826,0.0111886666481894,-0.037038270329109
"T3_PolarMaxVal",-0.0654052693264095,0.0242575790360036,-0.0269069668732732,0.0450730648790448,-0.0404559963439773,0.0394674853063525,-0.150498263678435,-0.00275729440473685,-0.00248897764358761,-0.0469442858417783,-0.0366386025466207,0.0377121393804928,-0.137603441857051,-0.0219886350822871,0.155427491551793,-0.0962801482354923,0.00275565765682067
"T3_PolarMinBin",0.0657086649016821,0.067391166802326,-0.00444494549598555,0.0110515143609424,-0.041540906233156,0.0111691229635247,0.086706691874687,-0.142598973564011,0.0575577221003041,-0.0414412505147497,0.0310666679688945,-0.0652025953486776,0.0429867178872069,0.0461256698128491,0.134763472316109,-0.10616542567915,-0.00723444938184003
"T3_PolarMinVal",0.0845636775775569,-0.0324866345015241,0.0467214470524961,-0.0508139987471934,-0.00312541764750132,0.0421818703756426,-0.0198168484125965,0.073419799901566,-0.14641950536407,0.0328521551649334,0.121401665010996,-0.00965718064881349,-0.0204674437168549,-0.0388773328690486,0.00857003854390823,0.0496556863454226,-0.0121683721870862
"T3_PolarSdVal",0.0976724927492124,-0.0412899753813585,0.0529151745692326,-0.0171945303941922,-0.0305408309617565,-0.0137005401763653,0.0695060898232675,0.0397367403843408,-0.0816612527620177,0.101748538990087,0.0389955631802043,-0.0257588120723171,0.0895077691687107,-0.0214738925473035,-0.0407946307583431,0.0454307631012136,-0.0302378219991732
"T3_pTimeCCW",0.07701459934009,0.0905770804843881,-0.0314435193459054,0.0387876850029114,0.0390275281300312,0.0670774858985063,-0.101498886283241,0.0457558533461551,0.030663574713768,0.00184368936773818,-0.0469596899498516,0.0288340263762738,-0.0123072568080888,-0.0131372538125758,-0.0775511208907139,-0.0502647806036639,-0.00662630281806156
"T3_pTimeCW",0.0266001770792725,-0.0787157968234098,0.0317937220676928,-0.0224909257235782,-0.114626383180377,-0.0759416373467202,0.0916811677835528,0.0680416077406085,-0.0169492852079566,-0.00728952021192179,-0.0350256305706124,-0.0803989546400292,0.0527251228963225,-0.0693302852930349,-0.136109641197122,-0.0508583463642509,0.00591401684704243
"T3_pTimeOPP",-0.099353156836276,-0.0628413091421191,0.0162566949629996,-0.0259917589029331,0.0103501602385549,-0.0382106601161934,0.0675076929031125,-0.0826800821663254,-0.0198050562515906,-0.00208154877267919,0.0612919752123566,0.00492768898402833,-0.00855124010536714,0.045180129811212,0.140137702533141,0.072890153191547,-0.0191944409125604
"T3_pTimeTarget",0.105431999196537,0.0339577148725262,0.0441554327477906,-0.0762669692605668,-0.0168259958424363,0.0161764105632623,-0.0167954198334461,0.0743195429511322,-0.077227618335493,0.0513048857863553,0.0530414483720352,0.000351455368976189,-0.0256977604448844,-0.0155923156105148,0.0151358668961555,0.0355573916685157,-0.0108305081764561
"T3_RayleigAngle",-0.0728382782161349,-0.101188950424335,0.0232361648453151,-0.0295553050964922,-0.0487033996474914,-0.0733929611622768,0.101569851854489,-0.00210199498436151,0.0235292303535502,-0.0320454451687192,-0.00525913408682786,-0.0702658313760204,0.0135604328161192,-0.00573546253609892,0.0279627831449819,0.00837962326977589,-0.0340795918860962
"T3_RayleigLength",-0.101785672732236,0.0222924615185431,-0.0471250319487812,0.0106007523845654,0.00483434154360457,0.0114449179210286,-0.0776894809176357,-0.0217736036000398,0.0818715688548026,-0.116314536478482,-0.0491112766651557,0.00427490379342134,-0.0852369938774716,0.0164801000558003,0.0227287227104544,-0.0697921945780622,-0.0316037836618713
"T3_SdSpeed",0.0960335122265613,0.048320318079417,-0.0289807423980911,-0.0938773783530601,0.0259382643006899,0.0144653552262382,0.0140797472711959,0.00954116291835201,-0.0861333794753097,-0.0124342531776433,-0.0880493464470379,-0.0018944150713675,-0.00232534334365291,0.0160219272331481,0.0817152329034734,0.0882836036933101,0.0754677832093734
"T3_Speed.cm.s",0.100550362575546,0.0425736607528012,-0.036599020711336,-0.0910194319715752,0.0247685706998217,-0.0366342753951468,-0.00655252842066296,0.0284478837278745,-0.0760910810356424,-0.0122783348303261,-0.0925463291258535,-0.023362828269128,-0.0146261862564065,-0.0295081369927553,0.0174576874925778,0.0294978439482273,0.0797044381403893
"T3_Speed1stEntr.cm.s.",-0.0438508387365479,-0.0398596260048467,0.013982215066654,0.00504344814082509,0.0985081665901457,-0.0868775699622467,0.0218295472466382,0.061084918837889,0.00100835753558644,0.0729964011085256,0.0511192921693024,-0.206476896481347,0.0371363620158139,0.0751389228096418,0.0157752642642954,0.139876955347044,0.000208441864804962
"T3_Speed2ndEntr",0.0374086264744706,0.0461626279413799,-0.020894844669179,-0.137385225047476,-0.0217501756008361,0.0875376223183888,0.0297993164076661,-0.114944234598331,-0.0196088162643767,-0.0525092372439921,0.0313100980017805,-0.0385155609699171,0.0768359594896688,0.0339115179788237,0.0767693480279873,0.0449570544407099,0.00913872653664327
"T3_Time1stEntr",-0.0658413736821155,-0.0605362837387023,-0.071438397964281,0.0355139232221782,-0.0213498748368314,-0.0983293203056255,-0.0609132499380094,0.00427061824124117,0.038084047283631,0.0842920095304177,0.120687658561218,-0.0173108014802694,0.0252956312845484,-0.0836064761712207,-0.0300446670866804,-0.0390643241588375,0.0252967474305751
"T3_Time1stShock",-0.0658413736821155,-0.0605362837387023,-0.071438397964281,0.0355139232221782,-0.0213498748368314,-0.0983293203056255,-0.0609132499380094,0.00427061824124117,0.038084047283631,0.0842920095304177,0.120687658561218,-0.0173108014802694,0.0252956312845484,-0.0836064761712207,-0.0300446670866804,-0.0390643241588375,0.0252967474305751
"T3_Time2ndEntr",-0.080924805122737,-0.0862450296736611,-0.0464314551289903,0.0805949117841255,0.0359784422385852,-0.053405666048684,-0.0155760725529114,0.0623410142003205,-0.0354795518976127,0.0291039991628072,-0.0054267892981607,-0.00860372399832666,0.014856848687168,-0.00599292912838876,-0.0215080204579421,-0.120629329878854,0.0245744998093825
"T3_TimeTarget",0.106421345766331,0.0376242892098127,0.044149103097899,-0.0766690891961534,-0.016846632880107,0.0121641059630487,-0.0118937893998658,0.0695815350533812,-0.0745249454655583,0.0537105482572591,0.0462922682453194,0.00277546790686548,-0.0195494508220334,-0.0173732961852939,0.0167998274740646,0.0342088092614681,-0.0102425467838002
"T3_TotalPath.m.",0.100484095776024,0.0423417348614713,-0.0365310445930055,-0.0919243625706227,0.0241636673343914,-0.0370980730787149,-0.00572342365078439,0.0275709035020135,-0.0770961856305577,-0.0121966592364729,-0.0897537527966037,-0.0242227984648783,-0.0144021763456944,-0.0321129088778906,0.0197347073075885,0.0299496889982385,-0.137553942677416
"T4_C1_AnnularAvg",-0.0872267588232069,-0.00665559439583662,-0.0699121950827171,-0.0285127559837443,0.0742419944108298,0.0101244250074837,0.0458010092661425,-0.00659878683593434,0.0112511113565878,0.15622567310392,-0.0400425001620632,-0.0507036814935924,0.0220206549640585,0.0344685897395497,-0.0803547344929735,0.0759222632719727,0.144169742705094
"T4_C1_AnnularKurtosis",-0.037066852724489,-0.0738826241760943,0.0505743477065961,0.0578416026653529,-0.0741087303562221,-0.123932918753187,0.0472594863371058,-0.0268015553254343,-0.0382291504411293,-0.0427021087307723,-0.0147352092555433,0.0985092342767368,-0.0392651116334647,0.0451896012671874,-0.0683916749796981,0.120639495279048,-0.0487572615806222
"T4_C1_AnnularMaxBin",-0.0610474866447548,0.00614796032315709,-0.0662178466114512,-0.0260333955030187,0.0836820866061052,-0.0352163025359319,0.0335331321248255,0.0636409735183432,0.0970117982704302,0.131108199826009,-0.129997428009976,0.000626795416052422,0.0156471595781158,-0.0216834029357653,0.021096196622746,0.113749645609139,-0.0385750896655406
"T4_C1_AnnularMaxVal",-0.060946742597388,-0.0548580230703957,-0.0100901056095926,-0.0730549413991129,-0.0421455858475297,-0.0166012464849072,0.0946487714899602,-0.0973089976406012,-0.0886639481277499,0.0870345131208111,0.0107149298537935,0.0615266434712528,0.0162656924403524,-0.0568583033392471,-0.159755149893778,-0.0266177194684948,-0.0212445475296348
"T4_C1_AnnularMinBin",-0.0289579425670197,-0.0543168534842535,0.0531826296341029,0.0615032507532101,-0.024209965974729,0.0732115044954382,-0.0289581431918445,-0.0299334995261218,0.107403081190052,-0.131428938208119,-0.0693330043091801,-0.0337444373077507,0.0501459608542102,0.00228868615741395,0.22687745802238,0.0565090810358042,0.0307149826468492
"T4_C1_AnnularMinVal",0.0937958114048003,0.0200755715242364,0.0573897023990797,0.00892391200484962,-0.0331235216678643,-0.0522478995781089,0.0713923170160587,-0.0328109178624034,-0.1243290295053,-0.00804413371307465,0.0927246045769962,-0.0334553449796592,0.0155048001800087,0.076767166657667,-0.00770064862886838,-0.0548215567277647,-0.0186328954035145
"T4_C1_AnnularSd",0.0879664285308378,-0.011442795049966,0.0534573523485228,0.0500444890497777,-0.0497303471428238,-0.0145541949210813,0.0179208860295282,0.0572685695669351,0.0789226445242493,-0.141287161695052,0.012750899831317,-0.0693923302827707,-0.0952374213000057,0.0600238816126334,-0.0354763322491443,0.0140301117560108,0.0318825721942047
"T4_C1_AnnularSkewnes",-0.00643979571210764,-0.0687707925504435,0.0754198533117874,0.0843252407235267,-0.0677839175934735,-0.115399790017494,0.0536912325976074,0.0207858717459538,-0.0282851085988291,-0.0335554092617804,-0.0153063722487724,0.0477231563305737,-0.0614953521991356,0.0205618743007126,-0.106481555834095,0.123411408091713,-0.0538231298258363
"T4_C1_Entr.Dist.1.m.",0.0632171614825003,-0.12534262003277,-0.0330091205263921,-0.023207855416962,-0.0667416454508846,-0.0121017718208326,-0.0338809944550131,0.0336497836094867,-0.051682423830458,0.0654009740681381,0.0241102947880467,0.0397591933363234,0.000464421678409404,0.0255583837590754,-0.0353688535711344,-0.0269966456371993,0.0227848944281597
"T4_C1_Linearity",0.0593820285677314,-0.0604245402185065,-0.0837122596626254,-0.0382365665700986,0.0397806884516771,-0.0332537219465045,-0.0883753157325393,0.00467348376320381,0.0489945671417798,0.117222240837519,-0.0493267113058282,-0.00200707030071541,0.0918743366023932,0.090861148879181,-0.0940557695272959,0.0143712207322322,0.162639547367308
"T4_C1_Max50.RngHiBin",-0.0350065750739439,0.0843102717895831,-0.115592980382676,-0.0574331365240022,-0.0120104315596001,0.00958311417315186,0.0762505928713253,0.0150252962336606,-0.024787166255669,-0.0930725821522421,-0.0343858809800603,0.0503840967290208,-0.0837494288021684,0.0095786290367669,0.0218615898997792,0.0412375837618956,-0.0392957104025232
"T4_C1_Max50.RngLoBin",-0.0426941393896498,0.100749980803239,-0.106426387605699,-0.0489439064651321,0.00689380032835066,0.0348752550277149,0.0195437627404957,-0.040511805533213,-0.0669988884863232,-0.0580446050328326,0.008149714317164,0.0461593971148002,-0.0866833596860032,0.009793740478904,0.0367740168492915,0.0281461479454537,0.0023381067639775
"T4_C1_MaxPathAvoid",-0.07523969802372,0.0848797782996716,0.0620238999009239,0.0225644476500835,0.0463864384668234,-0.0458653323508461,0.0135781096664731,0.00700314510502475,-0.0967257164452122,-0.0780237118808273,0.00163729148362659,0.0833435898465682,0.0698913690785129,-0.00319747578694912,-0.0636622880832244,-0.0596923880048671,-0.00497565599129811
"T4_C1_MaxTimeAvoid",-0.0816393178123135,0.0901941309621714,-0.00196456487788793,0.0185971850734966,0.0546104528352867,0.0339589944549078,0.0692268998899958,0.0333159634169858,-0.115022243747376,-0.0367449207611806,-0.03073256914731,-0.0498139739861304,0.003144747419338,0.0799721155331403,-0.00256805980471,0.0263430493791881,-0.00805583987302067
"T4_C1_Min50.RngHiBin",-0.0441595894232956,0.108396355060071,-0.101594955172307,-0.0500011374814923,-6.10082809236408e-05,0.0324127715280601,-0.00147516043737044,-0.0470194990116825,-0.0648604652150359,-0.0424065340630961,0.0228038534435747,0.0415084931835532,-0.0780818071571932,-0.00845126357990747,0.00538467074286589,0.00457882226429376,-0.00463474095634986
"T4_C1_Min50.RngLoBin",-0.0380588474584161,0.0960377747955935,-0.11431125503699,-0.06041184966438,-0.0194148507236883,0.00797063503911551,0.054814605263789,0.00703760054239449,-0.0245362036638998,-0.0786322502468129,-0.018681067641135,0.0470786172321036,-0.0775902910563503,-0.0097164350675616,-0.0107414259085466,0.0169892365296478,-0.022425886353005
"T4_C1_NumEntrances",0.0593656671354797,-0.130127135641586,-0.0258183370748295,-0.0230353809333058,-0.0500466935922266,-0.0251069645447393,-0.0490517230713546,0.0172238862017335,-0.0590185590060233,0.056503187110699,0.0117079388194928,0.0502504333808435,-0.0145218915834063,0.0486072013887822,-0.040187867937226,-0.0369097936298465,0.00612875004990351
"T4_C1_NumShock",0.0540041347289432,-0.1348379875859,-0.0344833447219123,-0.0170362612749316,-0.0513695331349385,-0.0218879136186203,-0.0332528223540479,0.0276730752582635,-0.0535848270941353,0.0440037644826025,-0.00598781811108605,0.0568810157563655,-0.0375177601365264,0.0617894290222577,-0.0220783743543609,-0.0165278214981247,-0.014523459242843
"T4_C1_Path1stEntr",-0.0659080380512714,0.0930310173825428,0.103380879348762,0.01586068485913,0.0379172170003873,0.00160359988087853,0.019795253674414,0.0739810753257358,-0.050699529700579,-0.0323038681203121,0.0192121137522344,-0.00373018156731192,0.046662838957981,0.0579654689942153,-0.0525530559962707,-0.00376232976349643,-0.0167900169281582
"T4_C1_Path1stShock",-0.0659080380512714,0.0930310173825428,0.103380879348762,0.01586068485913,0.0379172170003873,0.00160359988087853,0.019795253674414,0.0739810753257358,-0.050699529700579,-0.0323038681203121,0.0192121137522344,-0.00373018156731192,0.046662838957981,0.0579654689942153,-0.0525530559962707,-0.00376232976349643,-0.0167900169281582
"T4_C1_Path2ndEntr",-0.0607747398755703,0.0915327660074599,0.121005638528859,0.015489907082315,0.0289183905081421,0.0160401009942034,0.00837162702606997,0.0418015178533739,-0.00968985835202968,-0.0434975316810018,0.00400307685957204,-0.00191915438169987,0.0179870906306753,0.0150935897380867,-0.0581945987211338,0.101282191606269,-0.0197077903249223
"T4_C1_PolarAvgVal",-0.0108020306025212,0.0806600805210679,0.123412845091914,-0.00138633962268422,-0.0227886630483781,-0.0157805498775373,-0.031242085522588,0.00989080845843983,-0.0688299229927966,0.0591960409529381,0.0717381161602453,0.0609155070626542,-0.010930981682793,0.172584177824104,-0.0544603324962839,-0.0598038360602155,-0.0383916326751998
"T4_C1_PolarMaxBin",-0.0422735513074515,0.0878879186423064,-0.121453805623003,-0.0331540665396364,0.0212654834705579,0.02599720958261,0.0152311113876179,-0.0262431244862693,-0.0549600673024023,-0.0692394827493574,-0.0187432974291914,0.0630454278352687,-0.0886263599768825,0.029694250701789,0.0678188983376652,0.0361306967582665,-0.00241206783793908
"T4_C1_PolarMaxVal",-0.0556753113430918,0.0338491414061176,0.0239558545935199,0.00931423168461194,-0.00253126186893512,0.0642356666838121,-0.0812587220951298,-0.122284930691689,-0.150420036450661,0.052257939921271,0.0757383445621307,0.00156385760956644,-0.0487550608251038,-0.0100312653756443,0.0757927310777737,-0.158237236571372,0.0198618514363517
"T4_C1_PolarMinBin",0.0636962151573435,0.0138861999768986,-0.0511695850739043,0.0839546418591045,-0.032393324434114,-0.0202461709439397,-0.0818367563446669,-0.149210911953522,0.0175818093503314,-0.0487858703871093,-0.0526478398561182,-0.0235548276226705,0.0117656757835511,0.0426858448633306,0.0778273131930318,-0.146583851955818,-0.00905136314133956
"T4_C1_PolarMinVal",0.0303324897668553,-0.101774622079157,-0.0218294615964474,-0.0344138422518029,-0.0488231338821719,-0.0134009062901095,0.106867441827263,0.137643681743834,-0.0315834968342497,-0.0673836958618111,-0.0706218090743549,-0.00461656661722292,-0.055434690419743,-0.014930212362527,-0.023748242206671,0.0252587590711591,0.00836047698501282
"T4_C1_PolarSdVal",0.0502123345542438,-0.123202480666214,-0.00645619828456775,-0.0089087495933128,-0.0129454520734478,-0.00997157820721107,-0.0788713582901334,0.0587455714189691,0.00450799780010247,-0.040585346448224,-0.115504699853485,0.0526094234035089,0.0681840806703553,0.0687768999285249,0.0219574003160694,-0.0195378719596715,0.0129042876941977
"T4_C1_pTimeCCW",0.0449449917154652,-0.0813598599246003,0.0744831259318239,0.0520640116454409,0.0371473805245469,-0.0204117007700624,-0.0816228406202093,-0.0433798169448863,0.0936381069291772,0.121823693795069,0.0428596754980581,-0.0141010568654579,0.0741093462286037,0.00152219052519861,0.0712082051027787,0.0466545653291061,0.0056379023558519
"T4_C1_pTimeCW",-0.0245449398906636,0.0312429083877228,-0.13794723713272,-0.104051910642169,-0.0509000995382907,0.00248692041370148,0.0152708976155158,-0.0359534740440469,-0.0565328896549511,-0.0469714219456802,0.0302821829709023,0.00199211417631532,-0.0718113005458471,-0.0493356420513035,0.0183622717246504,0.0497801368989992,-0.00392665119445193
"T4_C1_pTimeOPP",-0.0248772814088839,0.0664988770809283,0.0934939892959416,0.0744212893568541,0.0267297589152354,0.0230836070576191,0.0767768821628861,0.0936192979428051,-0.0313603797062576,-0.0839662474834822,-0.0856266345743773,0.0073204889652419,0.0131050311798488,0.0528315701503402,-0.100810652304238,-0.116825252877975,-0.0312824726911342
"T4_C1_pTimeTarget",0.0471522910478891,-0.133911797763641,-0.0399086100589618,-0.0215891651367825,-0.0485958259370534,-0.0299695705010248,-0.0286806777855465,0.0158489318434023,-0.0417577093884213,0.0429436607853042,-0.0178219631223938,0.0644372999739244,-0.0697720362595951,0.0817976374164039,-0.0398290189630315,0.0040653815787954,-0.0158759257073651
"T4_C1_RayleigAngle",-0.0472399277416314,0.0904322985698527,-0.104494054476302,-0.0697792217433358,-0.0274763944030647,0.00655221926486422,0.0509080454512794,-0.0220738337112412,-0.0480368941866748,-0.0879024656477933,0.00163243560974067,0.0016844246638205,-0.0776239274908282,-0.0363159324260868,-0.0215475760069857,0.0140518619173667,-0.01308432637391
"T4_C1_RayleigLength",-0.0292028522704396,0.0628446494396267,0.0111613138268642,0.0544411583557986,0.0753566353181047,0.0385027488542131,-0.118025280086855,-0.129893630216617,-0.106958219789531,0.0409149501695445,0.0849565327832347,0.00890222351435116,-0.0371205120945103,-0.0106879034021508,0.0173712688125708,-0.064977505576158,0.0103027595677379
"T4_C1_SdSpeed",0.0470890617932204,-0.0862830797601274,-0.0688939812812126,-0.0397442961034343,0.00837868255358631,-0.092116858935264,-0.0850133298072363,-0.006944893389725,-0.0156566453990106,-0.0408109743556374,-0.0687093248131453,0.101536852665495,-0.0448394203101463,0.0481400637149566,-0.120706541949736,0.0132927160592838,-0.0421527361412
"T4_C1_Speed.cm.s",0.0441292151780295,-0.0829739500287452,-0.0453642881649603,-0.0332985889240404,0.0294626013385789,-0.0784808506366245,-0.107613279161295,-0.0425765798580868,0.00164287167269552,-0.0306918468012237,-0.0804453337714202,0.141616655696095,-0.0597769901682266,0.0711382745203478,-0.0727018028191574,0.00884849015212541,0.0714313837412146
"T4_C1_Speed1stEntr.cm.s.",0.00266073662064749,-0.0290527324187319,0.0498741651163694,-0.0619054795577632,-0.104610110097342,-0.0343677045885047,0.0654110312596177,0.0489617587538252,0.107940237139569,-0.0765339882829369,-0.0794143625427345,-0.025161405778683,0.0186387745335755,-0.132483124687731,-0.195214796259658,0.0701052464069171,0.00459905026839363
"T4_C1_Speed2ndEntr",-6.04203707262788e-05,-0.0285906504964906,-0.120764816869829,-0.00376127611100356,0.0107507324316439,-0.0120053994082096,0.00590947447626317,-0.0221762659092456,-0.0292532015821133,0.0472424425731728,-0.0624830580637399,-0.0661869894701588,-0.223510366046136,0.0813395112700288,0.00984200665359899,0.161197225647415,-0.017016788305785
"T4_C1_Time1stEntr",-0.0697090593586712,0.086586761507518,0.102792329829614,0.0255105584802618,0.0414852533967338,0.00678433555514108,0.0279550119821303,0.0683713877469794,-0.060048605130095,-0.0220379081108286,0.0273323559149087,-0.0261171749951753,0.0436470539815485,0.0475845186948669,-0.0326310626521869,-0.0422709208757012,-0.00621968203875784
"T4_C1_Time1stShock",-0.0697090593586712,0.086586761507518,0.102792329829614,0.0255105584802618,0.0414852533967338,0.00678433555514108,0.0279550119821303,0.0683713877469794,-0.060048605130095,-0.0220379081108286,0.0273323559149087,-0.0261171749951753,0.0436470539815485,0.0475845186948669,-0.0326310626521869,-0.0422709208757012,-0.00621968203875784
"T4_C1_Time2ndEntr",-0.0656457174175419,0.0868214548196495,0.12218311654141,0.0269468280177229,0.0332260746888126,0.0216112113592455,0.0188665343613856,0.0365418916333518,-0.0208649003054628,-0.034539428845404,0.0172967373235455,-0.0268153505485067,0.0160228647861471,0.00785358384272725,-0.0366508218614517,0.0635148769512196,-0.0123610009307182
"T4_C1_TimeTarget",0.0397676475854937,-0.134174590109686,-0.0541919889646837,-0.0217160428480372,-0.0515580344709725,-0.0257893776648239,-0.0212940055790201,0.0237755201358136,-0.0455982751087573,0.0206607360725864,-0.0452361769294774,0.0570181883809163,-0.0712565220648578,0.0798886606148062,-0.0217372069003289,0.00860475540452682,0.00189801136734378
"T4_C1_TotalPath.m.",0.0441720540794506,-0.0827644234945098,-0.0455357482035294,-0.0330438275818696,0.0289230958835271,-0.078448061219016,-0.108335713458447,-0.0423414657879444,0.00168432339401703,-0.0305875592211689,-0.0803288947508606,0.142253111712548,-0.0585054325042315,0.0706619700384639,-0.0726858906868572,0.00878234338269902,-0.0414658555358062
"T5_C2_AnnularAvg",-0.0766320166199583,-0.105206858464275,0.0366171959138595,-0.0795749172476529,0.0379913661427242,0.00875108442660996,-0.0259123510458357,0.000852717248448138,0.013809673546036,0.0362255533861464,0.0173214867365235,0.0286545306969242,0.0836939510735172,0.0697439582708731,0.0323371206709224,-0.0203616093611935,-0.0346275351335754
"T5_C2_AnnularKurtosis",0.0386337500435494,-0.0503731990633017,-0.00379272914377264,0.0695419269207153,0.00616820815835937,0.00349625373175884,-0.0105281726947226,0.103636951157012,-0.0441918927935869,-0.122136346540472,-0.143579001634156,0.0778050090906754,0.120821747599192,-0.117026539380351,-0.0980311337741888,-0.0604969683243967,0.0170261837593078
"T5_C2_AnnularMaxBin",-0.0516772225429564,-0.0444575971749782,7.13486264543057e-05,-0.0403337237120506,0.0459288348215718,0.0357644379899861,-0.0645776833389144,0.134286381213875,0.16054671752141,0.0768868025809272,0.0248687364329582,0.05962309987653,-0.0132871118438138,0.0386790395109609,0.123475866038227,0.0349344889841059,-0.127548764695717
"T5_C2_AnnularMaxVal",-0.0253283366270684,-0.0746389389113783,0.00476893596888074,-0.0673683647768723,-0.0428975422292022,-0.0522636742615015,0.107998192091307,-0.126634256624938,-0.0799940478413252,-0.0289419134143473,-0.00276486467593855,0.0735214457728292,0.0696577971911514,-0.110273983688772,0.00485345923485686,-0.094717161548548,-0.0439054333606678
"T5_C2_AnnularMinBin",0.00901426570659461,-0.0271212522700403,0.0219823574157109,-0.0783723873414474,0.0909954553263926,-0.101309224880233,-0.0440425133127569,-0.110300652873584,0.0187138449849512,0.014409547289328,-0.14319694496552,-0.00716383522052553,-0.00104253470026373,0.101104921099812,0.128759499362575,-0.0652660236149833,-0.0405865135487777
"T5_C2_AnnularMinVal",0.075014408251271,0.108762109200081,-0.0130388482246322,0.0243904271434704,-0.0241661255994129,-0.000367402971558059,0.00476670763879329,0.0418985962221454,0.0794535951081535,-0.011284967657611,-0.0684313854916947,-0.0832849899342461,-0.0959369756099746,0.0791930671788021,-0.00463356107366476,0.0186226298339421,-0.0299755290338958
"T5_C2_AnnularSd",0.05505700839051,0.101114029724537,-0.0288755927667638,0.030366062919263,0.00151085348662014,0.0424111767534769,-0.0308330350379575,0.10881172601004,0.11601530597068,-0.0159235914280252,-0.0390789338740487,-0.016164943143467,-0.102615958504789,0.0696867636548258,-0.0426021473410063,0.0386642607116009,-0.0314383279218178
"T5_C2_AnnularSkewnes",0.045707280136262,-0.0247034660302202,0.0149597429093736,0.0902555776542659,-0.00746578882204768,-0.00853927742451922,-0.0107208282592378,0.141715520264984,-0.0254858485389709,-0.0788317118258522,-0.12722691230026,0.119789565019885,0.0677250146301556,-0.0879229345245284,-0.129894477227114,-0.0119481612851863,0.0206336653088935
"T5_C2_Entr.Dist.1.m.",0.11045003944791,-0.0227800671124803,0.0205957288466419,-0.0514667237174489,0.0112632120422213,0.0335032310038674,-0.0188864525652536,0.0775667072132178,-0.0830923807284806,0.00398445351367975,0.0919521593277505,-0.031714351201527,-0.0605366829542086,0.00414931383193627,0.00812238801482232,0.0159686054391776,-0.00178286398692052
"T5_C2_Linearity",0.0681292601913164,-0.0244218656418721,-0.0836916097778284,-0.0369942888288903,0.00037859836907114,-0.0752367507143212,-0.0353505463606607,0.0522553507493326,0.0285369530161857,-0.0210422874534173,0.122161609450858,0.0669042644767891,0.0473701480494116,0.0346603537642371,0.137026075521801,-0.159699491311856,0.158895540768456
"T5_C2_Max50.RngHiBin",-0.0485645125140452,0.0383812630953066,-0.141923244990775,0.042193825622217,0.00527253849066454,0.00269806765056755,0.112953676811484,-0.0146514002770787,0.00117361941179869,0.0561590515333289,0.0408582993258497,0.00346052341032216,0.00400632080077458,-0.0200919312181095,0.0416238971850295,0.0349906442431922,0.0387044793542843
"T5_C2_Max50.RngLoBin",-0.0820607928977418,0.0137287596848524,-0.130229357467654,0.0228007193349741,0.0137619945650422,0.0173829341507509,0.0841623605354606,-0.0232570244395626,-0.00744652015752667,0.0236350222962301,0.040902893888023,0.0537015499451247,0.0115832697587999,-0.0200181366585709,0.0394539837985577,0.0360547260466486,-0.0147927998066942
"T5_C2_MaxPathAvoid",-0.0291498374175385,0.0210741003455675,0.0264079951946515,0.0658449603085386,-0.0319911852057051,0.120552106143832,-0.0534038454706608,-0.110761804631835,0.0337549807004047,0.111758264838163,-0.00756789961973259,0.158469562714533,-0.00273060646520221,-0.0690072868882422,-0.109567829039215,-0.0334709322461589,0.0355202142348093
"T5_C2_MaxTimeAvoid",-0.107167011236993,-0.0125525112271508,0.0558850761333018,0.0588482251580095,-0.0456675783441978,0.0275510429886581,0.071857699919003,0.0225984792874588,0.016903841916304,0.00666047798849849,0.0020903803257193,0.0441812873646238,0.100579810487484,-0.0100403090833801,0.0263136390463724,0.056640212547467,0.0229436737784423
"T5_C2_Min50.RngHiBin",-0.090472774499128,0.00670033170971316,-0.12408504129306,0.0209421916734849,0.0107573771569666,0.0297162924961056,0.0771780647533463,-0.0132885078894159,-0.00997207888452921,0.00875463906292665,0.0293187359708154,0.0390811995793413,0.0208710252483189,-0.0167216163427797,0.0419873453076155,0.0450877498262733,0.0513256594023702
"T5_C2_Min50.RngLoBin",-0.0593566515035281,0.0318104533410342,-0.139788031413182,0.0407715419879885,0.00304716401342593,0.014896923311893,0.108387063973955,-0.00625434123399852,-0.00154170832061077,0.0424570861802767,0.031316597440091,-0.00758571901925506,0.0130841802349099,-0.0176177512046546,0.0450724661456735,0.0444200833598422,0.00515342965442775
"T5_C2_NumEntrances",0.109914304035987,-0.0215406642002305,0.0222201473898724,-0.0543713045843532,0.0125748872648109,0.0333066428561589,-0.0183938519949015,0.0787019206344513,-0.0857172581217587,0.00957991525734221,0.0921263790537453,-0.0224795853776521,-0.0543590972305144,0.00160928061566508,0.00693785411841513,0.0184035151464487,-0.00412931257798107
"T5_C2_NumShock",0.109706196464055,-0.0174224409121257,0.0188411060278354,-0.0577203901510204,0.0129546751401781,0.0335486287059268,-0.0214663391870897,0.0831187919906734,-0.0835376974576352,0.0128938287307387,0.0855201958509099,-0.0260375194502862,-0.0596053616748072,0.00530727896089047,0.00174246110380278,0.0238438147523241,-0.0112575687819535
"T5_C2_Path1stEntr",-0.0700968191214379,0.0117734409927451,0.0464941694343661,0.0499379945815843,-0.0861410437465449,0.0877529216647815,-0.0658469728769522,-0.0472704289501463,-0.0560139703946916,0.0820251716150778,-0.0338079020221927,0.124673076838467,-0.0636028360570178,-0.0504746197068009,-0.0473516131733041,0.0451952319053058,0.00143735411731113
"T5_C2_Path1stShock",-0.0700968191214379,0.0117734409927451,0.0464941694343661,0.0499379945815843,-0.0861410437465449,0.0877529216647815,-0.0658469728769522,-0.0472704289501463,-0.0560139703946916,0.0820251716150778,-0.0338079020221927,0.124673076838467,-0.0636028360570178,-0.0504746197068009,-0.0473516131733041,0.0451952319053058,0.00143735411731113
"T5_C2_Path2ndEntr",-0.101143663108013,0.0203055596014812,0.0730296000715331,0.0498640466756836,-0.0319117277403712,-0.00190646014662665,-0.0710177818286183,-0.0142812883900852,-0.0710701684475413,0.0552011139320884,0.0208444201350421,0.0260259225624468,0.0376956495540801,0.0355420364103022,0.0691155557614717,0.0947270397747587,-0.0191900582121235
"T5_C2_PolarAvgVal",0.00347525984041317,0.0769624715121281,0.106794670323171,0.0366631895144731,0.102179232984783,-0.0157415307634908,0.0570202660696564,0.0135914900318177,-0.0165325272355393,0.0638412002333648,0.114797634928797,-0.03730840610281,0.00250920083652694,-0.00803306034026134,-0.0953056023314336,0.0373345319119227,0.0143452225686111
"T5_C2_PolarMaxBin",-0.0733084399497053,0.00962903469196314,-0.129453711556686,0.036228731941673,0.0033642685772753,0.0116573349378181,0.10196284395661,-0.0222589946634493,-0.024656276149989,0.04858744520013,-0.00909094408097231,0.0329956737641972,0.0372558208372353,0.00141766354750331,0.0272743749217695,0.0863558017053027,0.0063777578874375
"T5_C2_PolarMaxVal",-0.0765022331187257,-0.0731402630810028,0.0727058878632768,-0.045593254851022,0.0316031035276274,0.0200595076249334,-0.0555567472150802,-0.0737689629581422,-0.0284469515391405,-0.0665582181696315,-0.0924928847799128,0.0617796599752493,-0.0109048334438121,0.01936807161998,-0.0059448185419075,0.0967288099454492,-0.00439036449220681
"T5_C2_PolarMinBin",0.0242256136984749,0.0244886520141926,0.000438462357972354,-0.0352035983967583,-0.0135618163920813,-0.0228338501056423,0.0177697038347624,0.0726080051827431,0.235363395210627,-0.016494302707827,0.0810837754263116,0.00422785592442064,-0.0635394732466107,-0.0184805733971819,-0.174200269201616,-0.131018334938078,-0.0118098583587265
"T5_C2_PolarMinVal",0.078544972519559,0.0140964098554189,-0.0765294619394377,-0.00369891980166277,0.0974608372881826,0.0623229132399825,0.0127073648582953,-0.034288301332735,0.0558178820739865,-0.0385858523226868,-0.0492166852379636,-0.00463280629316744,0.145245162435906,-0.0688790032267502,-0.00960172902550507,-0.0633579330347933,0.0351958099459243
"T5_C2_PolarSdVal",0.0748456621398902,-0.0893956037554894,-0.000962084061313156,-0.0183596366157897,0.057645429901497,-0.0500941253820678,-0.0687767425840776,-0.0385915488395039,-0.0866805173754055,-0.00847602336664643,-0.0479020438071142,-0.0444322770139085,-0.0502418241062004,0.0800112224806988,-0.111029314921556,-0.0751513480488392,-0.0110809752839198
"T5_C2_pTimeCCW",0.0623505745692411,-0.00270630150475841,0.114048874484786,-0.0270416696065955,0.0224053809031658,-0.0457460337301292,-0.112948296654233,-0.0343359151629095,0.0599986253251469,-0.00738392423983098,-0.0866906555510459,-0.0423396549844627,-0.0882659711769688,0.0145074190581665,-0.0623192267388569,0.0276170188626625,-0.0191026537608371
"T5_C2_pTimeCW",-0.00655106940627022,0.0172995153754423,-0.152482979221328,-0.0226042263380335,-0.00665049069680822,0.0027291123393774,0.0616552007599909,-0.0121865857479471,-0.0847695564874075,0.0043551637662629,0.064892006678979,0.0554527213371326,-0.129315652970445,-0.0493978872369643,0.0572615275629484,0.0728435074410811,0.000967683740396104
"T5_C2_pTimeOPP",-0.0776433117423675,-0.011624857581222,-0.0123320808567296,0.0568879344106027,-0.0236504367726323,0.0528087683530599,0.089760490119791,0.0472144953084689,-9.10073181301716e-05,0.00493121636728622,0.0483304080211807,0.00629034810620083,0.224438455613372,0.0228419324278327,0.0294993245990396,-0.0978438916630972,-0.0211253744747871
"T5_C2_pTimeTarget",0.104820185248967,0.00381817273406499,0.0139678373052442,-0.072692193183377,0.0270641612857455,0.0320775257869391,-0.036755636594138,0.108390946036378,-0.0380724965128196,0.00945061001847311,0.0745107918460036,-0.0196838200368892,-0.0780864573815114,0.0243326747405339,-0.0163972894114323,0.0242993478405565,-0.0167269984111961
"T5_C2_RayleigAngle",-0.0680533753680553,0.0329512125391631,-0.130178518005019,0.0237450212014602,7.12074590179775e-05,0.0205509438170325,0.108150865671959,-0.0140505128692789,-0.0220577060632821,0.0208414943023544,0.060706876404525,0.0440087873279845,-0.00139182967865355,-0.00980294917716738,0.0446629168699968,0.051406613901173,-0.0339758666414742
"T5_C2_RayleigLength",-0.0869337352449585,-0.0432017260039383,0.0839977009361663,-0.0227110370934645,0.00114849271757108,-0.0308993356704941,-0.101386908311941,-0.0515003561304474,-0.000287137022606588,-0.0896558063236276,-0.0244043060927248,0.0834575144948443,0.0444457750192773,-0.00205390503061681,0.00373861920760096,-0.0334189497051972,0.0223184813521568
"T5_C2_SdSpeed",0.0980335894652268,0.0143268951130251,-0.094463710921341,-0.0589621975505949,0.0190018899565868,-0.0399167292761604,0.023396951892893,0.029103435387166,-0.0136498702807592,-0.00130775860222189,0.0550696925201312,0.103280529570624,0.0306984564573324,0.0209382745516891,-0.0279285646221259,0.0456789584308477,-0.0203025163640364
"T5_C2_Speed.cm.s",0.0941748576807993,0.0083348765521165,-0.0722157867020312,-0.0771500202737058,0.0361003290312562,-0.0296373781335673,0.00639138684505667,0.0228145938364202,0.0546371332052766,0.0367210131347881,0.0330511649553109,0.14314986753335,0.0349888610005818,0.0468412810498467,-0.0223275309780537,-0.0286073051958036,0.00850957811614719
"T5_C2_Speed1stEntr.cm.s.",-0.0289937378917198,-0.0627476567099874,-0.0695159556799436,-0.0653320632351612,0.0224847473617353,-0.0869398155670244,-0.115708111809838,0.0969169040452235,-0.000705067070012899,0.00590828568726074,0.0625040779432305,0.0119203628461348,0.122476935027437,0.0622356320116607,0.0185976816409323,0.00567883827191767,-0.00843474435919638
"T5_C2_Speed2ndEntr",0.0584527484813374,-0.0287987405696456,-0.0805267698049052,0.065921757179381,0.0719050475980433,0.00135261164280051,0.0464604462563805,0.0261023216748475,-0.00888820017293765,-0.0867580833576438,-0.164868432423946,0.0610047044885022,0.0222326160249734,-0.0544330662944583,0.0938612149596943,-0.00539455138027929,0.0214588988958706
"T5_C2_Time1stEntr",-0.070486022875644,0.0137397146164298,0.0516291079542396,0.0499346322868345,-0.0805454622807723,0.0945180292333591,-0.0578907609507666,-0.0439660370842816,-0.0547234436188124,0.0832978845038358,-0.0435837673790344,0.113399728171317,-0.0653970792716849,-0.0539353759254823,-0.0581555302076967,0.0432288893962292,0.000754158722893373
"T5_C2_Time1stShock",-0.070486022875644,0.0137397146164298,0.0516291079542396,0.0499346322868345,-0.0805454622807723,0.0945180292333591,-0.0578907609507666,-0.0439660370842816,-0.0547234436188124,0.0832978845038358,-0.0435837673790344,0.113399728171317,-0.0653970792716849,-0.0539353759254823,-0.0581555302076967,0.0432288893962292,0.000754158722893373
"T5_C2_Time2ndEntr",-0.101670103572291,0.0228996001963945,0.0800499257899505,0.0504174366713449,-0.0275305656564718,0.00228785672336335,-0.0629870573181184,-0.00923440376002506,-0.0666141802903951,0.0624879954589047,0.0156761747094186,0.00768046128804581,0.028064879878839,0.0250504010243944,0.0580831086015689,0.0944474704876152,-0.00312486542538063
"T5_C2_TimeTarget",0.103027470223686,-0.00588193207262116,-0.000934353560523195,-0.0769057928526215,0.0272593145534136,0.0350106494377207,-0.0373229688394374,0.107823180498769,-0.0573644931288749,0.00125361418743782,0.0545039310083793,-0.0267503631426327,-0.0840705424722819,0.0282585202081825,-0.0140036944348035,0.0365621983615917,0.00329285367663433
"T5_C2_TotalPath.m.",0.094338846368288,0.00890034230939462,-0.0723660797566338,-0.0766813137091363,0.0350846819743197,-0.0298894254548016,0.00539532981501804,0.0235700948723966,0.0569656584660045,0.0350812793462881,0.0324596394323626,0.142159122542328,0.034415623432376,0.0476097585443744,-0.0252336933355558,-0.0281793996553288,-0.107882312811975
"T6_C3_AnnularAvg",-0.0179223161126318,-0.0833857962180063,0.00833291334474069,-0.0184393626751549,0.118058623667434,0.0903689742031508,-0.027144068404838,-0.12528542535653,-0.0275897397360456,0.0162774559737747,-0.0763241493922945,-0.0738331443501443,0.00933442634690122,0.00369617772188321,-0.080677144428146,0.0522784603376386,-0.131796411090089
"T6_C3_AnnularKurtosis",0.0583638231195518,-0.0815866310838311,0.02816385915861,-0.0172019555061194,-0.0371429203337911,-0.0568094720913455,0.13662848711222,0.0642511637598666,-0.0819827966685629,0.0538733393217926,-0.048681346317089,0.0614666181824032,-0.0161450319101319,0.044736471895816,0.0617041922558881,-0.0121384542517037,-0.0271764463177183
"T6_C3_AnnularMaxBin",0.0213974018242919,-0.010418281074584,-0.0802773699388289,0.0976734219818719,0.00654053719835478,0.0986690109624056,-0.101981131616094,0.00653909698370458,0.127947160343466,0.0236954907423048,0.0349884113906061,-0.0891046155871231,0.0183790344416027,0.0438200251131567,-0.0761980872062867,-0.0417580606647739,-0.235165519917943
"T6_C3_AnnularMaxVal",0.0151952277771249,-0.030590557020116,0.0903681200231853,-0.0436096409871635,-0.0163162459366894,-0.0162377489703563,0.0732074048840546,-0.143919374775649,-0.164196178510618,-0.0120571812601524,-0.0231911672094621,0.0252677390967718,0.0667724119925846,-0.0454380533558434,-0.0534648359313565,-0.0838703555597776,-0.0539338196947252
"T6_C3_AnnularMinBin",0.00498114369112243,-0.0878103744477257,0.0876104690605553,0.00129573311393079,-0.0341030160444323,-0.00132885882137387,-0.0182485927069633,-0.0355492517105151,-0.146013673662832,0.0143998327664254,-0.0663492504875911,0.0161082448529385,0.154539407857833,0.0684153392709831,0.0982721098957741,0.000103298701020064,0.00195582762541873
"T6_C3_AnnularMinVal",-0.0415380512039263,0.085311892994084,0.0143534028445134,0.0443705173068372,-0.0368517510015968,-0.0731207604548259,-0.0204477673183165,0.125187826611344,-0.0362910987909846,-0.0528972292901338,0.0933868333157994,-0.00494375223734564,0.0745759287145789,0.171900044467747,0.00259017892746163,-0.001612138593674,-0.0244192762724
"T6_C3_AnnularSd",0.0189180630948017,0.0596408431237926,-0.0569899396803306,0.0557053827934899,-0.116210557195696,-0.000703249701810214,-0.0246301635481404,0.111728021390465,0.117411978905559,0.0315713207658917,0.0460236883554796,0.0137078154516113,-0.0720166290071114,0.114359897738127,0.0661914397752706,-0.0281836592701247,-0.0300517941680316
"T6_C3_AnnularSkewnes",0.0503790878606445,-0.0526720592971899,0.0312090640317009,0.0121552858196433,-0.0881366830921177,-0.0663629041793381,0.132457542943595,0.0876508249558065,-0.0741042033208726,0.0622528401311739,-0.0436125827570801,0.0869715102513064,-0.0044259908584309,0.0329358948669204,0.0568434422931131,-0.0185439853162195,-0.0306240595981262
"T6_C3_Entr.Dist.1.m.",0.120072188862284,-0.0357577391002446,0.0159557873137469,0.022292555097487,0.0355576990336278,0.049259715467046,0.0307844992091212,0.014550479570785,-0.0339952418858506,-0.0211948697269276,0.0877954695246882,-0.00401689266265503,-0.0317590389915327,0.00741468414360164,0.0508268871242199,-0.0156816820008316,0.00158020891178907
"T6_C3_Linearity",0.0601439005357307,-0.0261977019821961,-0.123629709355831,-0.0058806807553739,0.0613686274615191,-0.0183634429753025,-0.0234525713312042,0.0232979840520865,0.0528879718864858,-0.0384965366309447,0.0862768738529904,0.0864137174660765,0.0505150564942147,-0.133397616998604,0.0274437819082364,-0.0570169267984461,-0.0898333526925103
"T6_C3_Max50.RngHiBin",-0.0774880342390325,0.0873408170114688,-0.0921654054917969,-0.0601469193473919,-0.0295081866722343,-0.034420170665322,0.020846123786964,0.0425054506845623,-0.0308973856942553,-0.0302445749824666,-0.0141509503131475,0.0357933859816158,-0.0214505155587663,0.0618492623864116,-0.0018307635115193,0.00338574698266339,-0.0264690905486618
"T6_C3_Max50.RngLoBin",-0.0817434300642473,0.0949279488506539,-0.0548695622401315,-0.0787729513039578,-0.0495723928494703,-0.0301767480552253,-0.0331238878921602,0.0184171261149229,-0.049397176258627,-0.0163952196009157,-0.0228707847919195,0.0136191287654481,-0.0108112842120486,0.026602296829813,-0.0372433696820696,0.000277098969923728,0.00928871241800319
"T6_C3_MaxPathAvoid",-0.0873995059333666,0.062970466824064,-0.0356847409640865,-0.0574569234712176,-0.0225436005882027,-0.0725651640775721,-0.0369600334510216,0.106851596753619,-0.0471881347571528,0.0289619513296244,-0.0135233645438884,-0.0458272383329532,-0.00925181272803704,0.00283998280848819,0.0691623840006207,-0.0984731680390385,0.00586977205569284
"T6_C3_MaxTimeAvoid",-0.105743139634765,0.0710221154281133,0.0352864401572243,-0.0378592711310374,-0.0377056409078184,-0.0260761853886247,-0.0304727974805033,0.0612875196757348,-0.041197494567019,0.0103655388878891,-0.0397073568226777,-0.0116803663228531,-0.0138529227556595,-0.0559674116650773,-0.00648358538041209,0.0877164029642199,-0.00125616620630525
"T6_C3_Min50.RngHiBin",-0.0786115507684077,0.0988223043812155,-0.0474132190422877,-0.0801818997486238,-0.0418529852792949,-0.0296915115662953,-0.0411472146922393,0.0158737307177503,-0.0613718946564467,-0.00642617833154401,-0.0421433921444698,0.00388597569546355,-0.0180970135696926,0.0154362515101227,-0.04390222220554,0.00838751119028424,0.0220058394812422
"T6_C3_Min50.RngLoBin",-0.0759451878616529,0.0932296489243104,-0.0866491949465113,-0.0628428601518342,-0.0221373703121173,-0.0346896815350065,0.0132485266422572,0.0409082189316709,-0.0438239598564018,-0.020701600669874,-0.0342555942219989,0.0266454356476611,-0.0294548235634678,0.0518457541182619,-0.00858967619149843,0.011815309319258,0.027846368625679
"T6_C3_NumEntrances",0.120344186859493,-0.0366367323271362,0.0137559967603293,0.0178317881556242,0.0384907262280866,0.0484936290896086,0.0309517990518269,0.0162823384891804,-0.0415456365459066,-0.0103733295423729,0.0892332099850269,-0.000369395525185056,-0.0176544358635636,-0.00340860202587912,0.0429758758588818,-0.0136508301638573,0.00292118134033182
"T6_C3_NumShock",0.120344186859493,-0.0366367323271362,0.0137559967603293,0.0178317881556242,0.0384907262280866,0.0484936290896086,0.0309517990518269,0.0162823384891804,-0.0415456365459066,-0.0103733295423729,0.0892332099850269,-0.000369395525185056,-0.0176544358635636,-0.00340860202587912,0.0429758758588818,-0.0136508301638573,0.00292118134033182
"T6_C3_Path1stEntr",-0.0938912101062879,0.0606905375626112,-0.0247185884680983,-0.0661857876164286,-0.0365486786131347,-0.0675809639878279,-0.0514040513087276,0.0812534466325342,-0.0452072704059024,0.0324590759640828,-0.000360479896719913,-0.0550771198045225,-0.0159928432552186,0.00747841658882013,0.0329060375215376,-0.0797856477132598,-0.00269958866043692
"T6_C3_Path1stShock",-0.0938912101062879,0.0606905375626112,-0.0247185884680983,-0.0661857876164286,-0.0365486786131347,-0.0675809639878279,-0.0514040513087276,0.0812534466325342,-0.0452072704059024,0.0324590759640828,-0.000360479896719913,-0.0550771198045225,-0.0159928432552186,0.00747841658882013,0.0329060375215376,-0.0797856477132598,-0.00269958866043692
"T6_C3_Path2ndEntr",-0.104045218643658,0.0394408337111119,-0.0191175588855996,-0.0670781001566787,-0.0937964950216384,-0.0301384262187585,-0.0511685764321115,0.00676259307113385,-0.0157616288071468,0.0211437809562733,-0.0143083453873399,-0.026622744502561,-0.0117852082150064,-0.0249975014511879,-0.0513039756967966,0.0785955477056687,-0.00799894964304843
"T6_C3_PolarAvgVal",0.00486884825524043,0.100732651815362,0.10534132927543,0.00461834093233337,0.100310398826338,0.00154770648700643,0.0326609327170924,0.0917339248483236,-0.0133022574064522,0.0366105946348978,0.0472753583431803,0.0171311218297436,-0.0019006002787617,-0.0307581162702186,-0.0149688741783554,0.0270088277904579,-0.0156801731264215
"T6_C3_PolarMaxBin",-0.0706241457428985,0.0988844477326775,-0.0795537433316277,-0.0605651324770811,-0.0416256204810731,-0.0262031417426912,-0.0121732580969328,0.00548454729604259,-0.0736879671582531,0.0106678847156412,-0.0502241191175839,-0.0167323415914667,0.0307692211020181,-0.00661261087575378,-0.0638088964113032,-0.0215830262263832,0.0194791746398521
"T6_C3_PolarMaxVal",-0.0213278700054658,-0.00771142529294568,0.120928562654101,-0.0621010697823193,-0.0664535054531405,0.0213121575611076,-0.113700883330635,-0.0606662162047487,-0.0301790454263265,0.0170640775682209,-0.0612428595468249,0.041916261502274,0.00520373234060691,-0.108315630860353,-0.0856182464338049,0.0855609900205441,-0.00920324457342282
"T6_C3_PolarMinBin",0.0203067479739695,0.00283177979036657,-0.0594087452042326,0.0359996878664605,0.038372787103285,-0.111455585180271,0.0415407688695431,-0.113099671059879,0.0137019034323495,0.120017593879842,0.0973885657662086,0.132372953935716,-0.0330229546416346,-0.100025963243097,-0.0853300698966226,-0.0659858609003201,-0.00915264314941846
"T6_C3_PolarMinVal",0.0161512507509546,-0.0300962436531849,-0.0847467645489652,-0.113682284505854,0.0498575944552328,0.111380096448117,0.0782795024487655,-0.0315390192785937,-0.0234102815896045,0.017650010172189,0.0675217368113774,-0.0238139349295171,0.0580753660366492,0.0682924277963906,0.0518874076103612,0.0664133584602356,0.0243254874538715
"T6_C3_PolarSdVal",0.0733403427847828,-0.0914954855231565,-0.0259349602805154,-0.0020458397719516,0.100409998302758,-0.00511205969710736,-0.0356501195973811,0.0554928224512278,-0.0871861823373188,-0.0673976216348109,-0.0181121103018487,0.0528129070408888,0.00696808592643796,0.0660944810316696,0.0263705245573186,-0.0140250130725559,-0.00273082809896504
"T6_C3_pTimeCCW",0.0829682624087894,-0.0489717414842535,0.0882804184132953,0.0533237774245581,0.0473057864221925,0.0191050604491786,-0.00519882277453032,-0.0837310649226146,0.0548211585093819,0.000628109034460359,0.0563347402776219,-0.0261589046969927,-0.0122249215026346,-0.0514807905472371,-0.0142389872406129,0.139525608904477,0.00891943712407427
"T6_C3_pTimeCW",-0.0347774520519898,0.0642529271112849,-0.141134085178622,-0.0499439043113283,-0.00109461128915201,-0.0466945696625697,-0.00784136589279357,0.0547571481344302,-0.0447198435090831,-0.0572645243027044,0.0240619649456155,0.0509288630649568,-0.0688061912737963,0.0120394001761536,-0.00520272199956429,0.0779997005558167,-0.0116471778821993
"T6_C3_pTimeOPP",-0.0898936715806612,0.0194092671030093,-0.0136026343624961,-0.034867705804384,-0.064494764508719,0.00685004396397119,0.0120185268482317,0.0708861208983814,-0.0398107330683155,0.0418222803300583,-0.0986972892518192,-0.00244858432230879,0.0686155999853391,0.0588723299138483,0.0230497012836148,-0.241221826058856,0.0142769189674768
"T6_C3_pTimeTarget",0.113689606697586,-0.040668002135867,0.0165875665570163,0.0202582972574353,0.0514942748722365,0.0494694112863417,0.0147426422702267,-0.00337475891103077,0.00143273468021755,-0.00570005739623106,0.127176324282473,-0.0106113871499098,-0.0296305545955924,0.0129494009858558,-0.00625439936131735,-0.0410352434758826,-0.0106268767113206
"T6_C3_RayleigAngle",-0.0804819370493265,0.0874015034556654,-0.0839607144169254,-0.0617217164655813,-0.0322432394510351,-0.0374867646821533,-0.003721659380834,0.0597159844794524,-0.0383643508332645,-0.021229127001225,-0.0313869862024125,0.0307902893195021,-0.0177196067800337,0.020248821862117,-0.0121529340053107,-0.00991489666182435,-0.00627278177344268
"T6_C3_RayleigLength",-0.0192968633450722,0.0145286523779955,0.124369204943266,-0.043563229712874,-0.0738675147596089,0.00479771419088861,-0.117038382249913,-0.0671160876569359,-0.0749532373476157,0.0408827002399609,-0.00376951628219869,-0.0643332685039418,-0.0430073493124268,-0.0684825762131451,-0.0756186041940165,-0.00566340862883507,0.0426261979533004
"T6_C3_SdSpeed",0.087475677408175,-0.00631831062237757,-0.119398730218792,-0.0353900559938117,0.0144451568124369,-0.0112974393922056,0.0357348021962327,-0.0812261300575176,-0.0237950252754804,-0.0124956412260897,0.0547594847749427,-0.00864904070311324,0.0575033008306358,-0.04902034135805,-0.0348859500387632,0.0471773236893865,0.013609650791478
"T6_C3_Speed.cm.s",0.0736389375011363,-0.0395875933201365,-0.117398313418292,-0.0516621774978279,0.0361634694124226,-0.00991112032960927,0.0158924992771037,-0.0703215743751355,0.0291183616261517,0.0136144427052024,0.0685477990587523,0.042386329646488,0.0814557491472141,-0.0631717975760688,-0.0464072481728113,0.0349701764049105,0.0140306992383302
"T6_C3_Speed1stEntr.cm.s.",0.0119688343100276,-0.0235103053372705,-0.14578817618266,-0.0450860550619925,-0.0605604749453236,0.050114974048927,0.00597073538657482,-0.130030607007133,-0.0240164507173126,-0.0193312138615313,0.0258175383076214,-0.0292903953309823,-0.0344770454137415,-0.00192080776854895,-0.0102354486573664,0.0568288045795974,0.000978005965118877
"T6_C3_Speed2ndEntr",0.0909713802133621,-0.045270232390977,-0.0612366013117044,0.0193441668145572,0.10393302252462,0.0363050504808143,0.0427954194378322,-0.0781965157896532,0.00448841003834095,-0.00561479637136615,-0.0218951691671258,-0.0379848117913933,0.00176389810773368,0.0913351184626908,0.0089223678631565,-0.0287666808831583,-0.0184438671099772
"T6_C3_Time1stEntr",-0.0965509566410435,0.0625051659283766,-0.00655307767244121,-0.0548243384993762,-0.0332232664817638,-0.0561021236048635,-0.0441868481098934,0.0926436321162318,-0.0507127308135046,0.0371190261500625,-0.005842507096607,-0.0622490904383929,-0.00773274275022654,0.00526419465618921,0.0322165201249062,-0.0984924402800292,-0.00235814810723276
"T6_C3_Time1stShock",-0.0965509566410435,0.0625051659283766,-0.00655307767244121,-0.0548243384993762,-0.0332232664817638,-0.0561021236048635,-0.0441868481098934,0.0926436321162318,-0.0507127308135046,0.0371190261500625,-0.005842507096607,-0.0622490904383929,-0.00773274275022654,0.00526419465618921,0.0322165201249062,-0.0984924402800292,-0.00235814810723276
"T6_C3_Time2ndEntr",-0.108588256847742,0.0446919246112726,0.00288094745451758,-0.0548247291682579,-0.0884502803111757,-0.0214414203206758,-0.0488086032943594,0.0199366308271119,-0.0236252376046755,0.0263393298483491,-0.0213821486886401,-0.0324679315476361,-0.00879340268273535,-0.0245910326242745,-0.0486192580096391,0.065984874969262,-0.000273500499074579
"T6_C3_TimeTarget",0.111981474592726,-0.0582312110633953,0.00827101973563655,0.0117241220089479,0.0627461416887248,0.0487911980602187,0.00155996417727402,-0.00255223198175323,-0.0202484711509915,-0.0189925524047825,0.100245163834003,-0.00133332202473179,-0.0234411730265546,0.0197684096193051,0.00118726960487514,-0.040705360143761,0.00830153294153303
"T6_C3_TotalPath.m.",0.0735344124331766,-0.0394719887033541,-0.117514987663657,-0.051286510784474,0.0350390717694931,-0.00950086432625691,0.0160953385043448,-0.0702320822913885,0.029363055300727,0.0128952263452804,0.0684860415524393,0.0446158894257228,0.0828205653747235,-0.064551915810816,-0.0451157627862423,0.0341150640406623,-0.181063040839326
